1,-121.262884,38.181837,Peirano Estate Vineyards,21831 North Highway 99,,,Acampo,CA,95220,,,,info@peirano.com,2,-121.24501,38.159983,Woodbridge Winery,5950 East Woodbridge Road,,,Acampo,CA,95220,,,,,http://www.testurl.com3,-121.23092,38.189138,Macchia,7099 E. Peltier Road,,,Acampo,CA,95220,,,,Info@MacchiaWines.com,4,-121.294534,38.186463,Century Oak Winery,22211 North Lower Sacramento Road,,,Acampo,CA,95220-9436,,,,adam@centuryoakwinery.com,5,-122.29135,37.789179,RosenblumCellars,2900 Main Street #1100,,,Alameda,CA,94501,,,,,6,-122.417269,38.554001,LaJota Winery & Cave,1102 Las Posadas Road,,,Angwin,CA,94508,,,,info@lajotawines.com,7,-122.456971,38.568494,Ladera Vineyards,150 White Cottage Rd S,,,Angwin,CA,94508,,,,winery@laderavineyards.com,8,-122.460641,38.59882,Summit Lake Vineyards and Winery,2000 Summit Lake Drive,,,Angwin,CA,94508,,,,info@summitlakevineyards.com,9,-122.465056,38.56531,Livingston Moffett Winery,340 West Lane,,,Angwin,CA,94508,,,,info@livingstonwines.com ,10,-122.451087,38.592875,Dunn Vineyards,805 White Cottage Road North,,,Angwin,CA,94508,,,,dunnvineyards@sbcglobal.net,11,-123.344429,38.718884,Annapolis Winery,26055 Soda Springs Road,,,Annapolis,CA,95412,,,,,12,-121.893694,36.991994,Salamandre Wine Cellars,108 Don Carlos Drive,,,Aptos,CA,95003,,,,newt@cruzio.com,13,-120.585841,35.192258,Kynsi Winery,2212 Corbett Canyon Road,,,Arroyo Grande,CA,93420,,,,info@kynsi.com,14,-120.523603,35.178,Talley Vineyards,3031 Lopez Drive,,,Arroyo Grande,CA,93420,,,,info@talleyvineyards.com,15,-120.553483,35.184752,Alban Vineyards,8575 Orcutt Road,,,Arroyo Grande,CA,93420-6942,,,,,16,-121.181484,38.930596,PaZa Wines,3357 Ayres Holmes Road,,,Auburn,CA,95602,,,,pa-za.vnw@sbcglobal.net,17,-121.125174,38.989519,Fawnridge Winery,5560 Fawnridge Road,,,Auburn,CA,95602,,,,,18,-121.135109,38.959238,Vina Castellano,590 Bell Road,,,Auburn,CA,95602,,,,teena@vinacastellano.com,19,-121.109931,38.920473,Fortezza Winery,10555 Harris Road,,,Auburn,CA,95603,,,,,20,-121.104392,38.916686,Mt Vernon Winery,10850 Mount Vernon Road,,,Auburn,CA,95603,,,,,21,-121.094881,38.848989,Lone Buffalo Vineyards,2682 Burgard Lane,,,Auburn,CA,95603,,,,lonebuffalovineyards@gmail.com,22,-121.076125,38.891686,Bonitata Boutique Wine,291 Auburn Folson Road,,,Auburn,CA,95603,,,,info@bonitataboutiquewine.com,23,-121.136574,38.93529,Green Family Winery,3420 Pine Ridge Lane ,,,Auburn,CA,95603,,,,,24,-122.128905,38.080811,Benicia Cellars,4740 E Second St.,,,Benicia,CA,94510,,,,,25,-120.27,34.594869,Lafond Winery and Vineyards,6855 Santa Rosa Road,,,Buellton,CA,93427,,,,,26,-120.192919,34.600344,Mosby Winery,9496 Santa Rosa Road,,,Buellton,CA,93427,,,,,27,-122.554502,38.571608,Clos Pegase Winery,1060 Dunaweal Lane,,,Calistoga,CA,94515,,,,tenma@clospegase.com,28,-122.522769,38.558771,Frank Family Vineyards,1091 Larkmead Lane,,,Calistoga,CA,94515,,,,info@frankfamilyvineyards.com,29,-122.554486,38.569844,Sterling Vineyards,1111 Dunaweal Lane,,,Calistoga,CA,94515,,800 726-6136,,info@sterlingvineyards.com,30,-122.672676,38.635178,PeterMichaelWinery,12400 Ida Clayton Road,,,Calistoga,CA,94515,,800-354-4459,,retail@petermichaelwinery.com,31,-122.579586,38.577536,August Briggs Winery - Tasting Room,1307 Lincoln Ave,,,Calistoga,CA,94515,,(707) 942-5854,,info@augustbriggswines.com,32,-122.579623,38.57754,Rios Wine - Tasting Room,1307-A Lincoln Avenue,,,Calistoga,CA,94515,,,,contact@rioswine.com,33,-122.537816,38.550093,Schramsberg Vineyards,1400 Schramsberg Rd.,,,Calistoga,CA,94515,,,,isitorcenter@schramsberg.com,34,-122.597503,38.602348,Chateau Montelena,1429 Tubbs Lane,,,Calistoga,CA,94515,,,,customer-service@montelena.com,35,-122.57618,38.564072,Diamond Creek Vineyards,1500 Diamond Mountain Road,,,Calistoga,CA,94515,,,,info@diamondcreekvineyards.com,36,-122.573165,38.565348,Von Strasser Winery,1510 Diamond Mountain Road,,,Calistoga,CA,94515,,,,,37,-122.578492,38.59129,Zahtila Vineyards,2250 Lake County Hwy,,,Calistoga,CA,94515,,,,laura@zahtilavineyards.com,38,-122.587965,38.597277,Vincent Arroyo Winery,2361 Greenwood Ave.,,,Calistoga,CA,94515,,,,info@vincentarroyo.com,39,-122.638769,38.602151,Storybook Mountain Vineyards,3835 California 128,,,Calistoga,CA,94515,,,,,40,-122.513105,38.563527,Wermuth Winery,3942 Silverado Trl,,,Calistoga,CA,94515,,,,,41,-122.541257,38.558464,Castello di Amorosa Winery,4045 North St Helena Hwy,,,Calistoga,CA,94515,,,,tours@castellodiamorosa.com,42,-122.525014,38.577119,Dutch Henry Winery,4310 Silverado Trail,,,Calistoga,CA,94515,,,,info@dutchhenry.com,43,-122.549195,38.574765,Cuvaison - Calistoga,4550 Silverado Trail,,,Calistoga,CA,94515,,,,info@cuvaison.com,44,-119.095705,34.217835,Cantara Cellars,126 N Wood Rd #104,,,Camarillo,CA,93010,,,,mbrown@cantaracellars.com,45,-120.717881,38.743825,Madro_a Vineyards,2560 High Hill Road,,,Camino,CA,95709,,,,Winery@MadronaVineyards.com,46,-117.322526,33.125934,Bellefleur Winery,5610 Paseo Del Norte #100,,,Carlsbad,CA,92008,,,,,47,-121.909023,36.536842,Morgan Winery - Taste Morgan,204 Crossroads Boulevard,,,Carmel,CA,93923,,,,,48,-121.820392,36.528769,Chateau Julien,8940 Carmel Valley Road,,,Carmel,CA,93923,,,,,49,-121.922768,36.55458,Galante Vineyards Tasting Room,Dolores Street,,,Carmel,CA,93923,,,,wine@galantevineyards.com,50,-121.732182,36.479252,Chateau Sinnet,13746 Center St,,,Carmel Valley,CA,93924,,,,,51,-121.662383,36.404185,Galante Vineyards,18181 Cachagua Road,,,Carmel Valley,CA,93924,,,,wine@galantevineyards.com,52,-121.732968,36.479379,Joullian Vineyards Tasting Room,2 Village Drive Suite A,,,Carmel Valley,CA,93924,,866-659-8101,,tastingroom@joullian.com,53,-121.625755,36.392291,Joullian Vineyards,20300 Cachagua Road,,,Carmel Valley,CA,93924,,877-659-2800,,rwatson@joullian.com,54,-121.734352,36.480446,Georis Winery,4 Pilot Road,,,Carmel Valley,CA,93924,,,,info@georiswine.com,55,-121.735076,36.480471,Talbott Vineyards Tasting Room - Carmel Valley,53 West Carmel Valley Road,,,Carmel Valley,CA,93924,,,,tastingroom@talbottvineyards.com,56,-121.735519,36.48076,Heller Estate Organic Vineyards,69 W. Carmel Valley Rd,,,Carmel Valley,CA,93924,,800-625-8466,,tastingroom@hellerestate.com,57,-121.730946,36.479043,Bernardus Winery,5 West Carmel Valley Road,,,Carmel Valley,CA,,,800-223-2533,,,58,-121.957507,37.636091,Westover Vineyards,34329 Palomares Road,,,Castro,CA,94552,,,,info@westoverwinery.com,59,-121.960814,37.637574,Chouinard Vineyards,33853 Palomares Road,,,Castro,CA,94552-9616,,,,chouinard@chouinard.com,60,-121.541855,38.388714,Bogle Vineyards,37783 County Road 144,,,Clarksburg,CA,95612-5009,,,,,61,-123.024924,38.796595,Bandiera Winery,155 Cherry Creek Rd.,,,Cloverdale,CA,95425,,,,,62,-122.93485,38.725568,Pastori Winery,23189 Geyserville Avenue,,,Cloverdale,CA,95425,,,,,63,-122.987362,38.737093,Fritz Underground Winery ,24691 Dutcher Creek Road,,,Cloverdale,CA,95425,,,,info@fritzwinery.com,64,-120.538055,35.535369,August Ridge Vineyards,8790 E. Highway 41,,,Creston,CA,92432,,,,jill@augustridge.com,65,-120.491658,35.516902,Chateau Margene,4385 La Panza Road,,,Creston,CA,93432,,,,,66,-120.415617,35.456493,Eden Canyon,1919 Calf Canyon Hwy,,,Creston,CA,93432-9627,,,,info@edencanyon.com,67,-122.114925,37.301009,Ridge Vineyards - Monte Bello,17100 Montebello Rd,,,Cupertino,CA,95014,,,,wine@ridgewine.com,68,-122.473519,38.558975,Viader,1120 Deer Park Road,,,Deer Park,CA,94576,,,,cante@viader.com,69,-123.566143,43.636364,Brandborg Vineyard,345 First Street,,,Elkton,OR,97436,,,,info@brandborgwine.com,70,-117.08651,33.102201,Ferrara Winery,1120 West 15th Avenue,,,Escondido,CA,92025,,,,,71,-117.043517,33.070919,Orfila Vineyards and Winery,13455 San Pasqual Road,,,Escondido,CA,92025,,,,owlclub@orfila.com,72,-117.147453,33.240195,Deer Park Winery & Auto Museum,29013 Champagne Blvd,,,Escondido,CA,92026,,,,Mail@deerparkwine.com,73,-120.644667,38.60196,Oakstone Winery,6470 Irish Acres Road,,,Fair Play,CA,95684,,,,info@oakstone-winery.com,74,-120.658711,38.596719,Iverson Vineyards & Winery,8061 Perry Creek Road,,,Fair Play,CA,95684,,,,info@iversonwinery.com,75,-120.652521,38.587063,Charles B. Mitchell,8221 Stoney Creek Roa8221 d,,,Fair Play,CA,95684,,,,cbmvwine@mindspring.com ,76,-120.673184,38.596971,Cedarville Vineyard,6320 Marestail Road,,,Fair Play,CA,95684-0419,,,,info@cedarvillevineyard.com,77,-122.098939,38.269336,Ledgewood Creek Winery,4589 Abernathy Road,,,Fairfield,CA,94534,,,,,78,-122.113118,38.276605,Wooden Valley Winery,4756 Suisun Valley Road,,,Fairfield,CA,94534,,,,info@woodenvalley.com,79,-122.077678,37.051545,Hallcrest Vineyards,379 Felton Empire Road,,,Felton,CA,95018,,,,marketing@hallcrestvineyards.com,80,-122.023296,37.131022,Zayante Vineyards,420 Old Mount Road,,,Felton,CA,95018,,,,info@zayantevineyards.com,81,-118.911054,34.398602,Giessinger Winery Tasting Room - Fillmore,365 Santa Clara Street,,,Fillmore,CA,93015,,,,info@giessingerwinery.com,82,-122.850403,38.484098,Joseph Swan Vineyards,2916 Laguna Road,,,Forestville,CA,95436,,,,joe@swanwinery.com,83,-122.881973,38.465854,Russian River Vineyards,5700 Highway 116 ,,,Forestville,CA,95436,,,,info@russianrivervineyards.com,84,-122.909307,38.484018,Hartford Family Winery,8075 Martinelli Road,,,Forestville,CA,95436,,,,hartford.winery@hartfordwines.com,85,-119.866848,36.805539,Cribari Vineyards,4180 W Alamos Ave # 108,,,Fresno,CA,93722,,,,,86,-122.770125,38.504175,Kendall-Jackson Wine Center,5007 Fulton Road,,,Fulton,CA,95439,,,,kjwines@kj.com,87,-122.937226,38.705031,Pedroncelli Winery,1220 Canyon Road,,,Geyserville,CA,95441,,800-836-3894,,service@pedroncelli.com,88,-122.872682,38.67979,Trentadue Winery,19170 Geyserville Avenue,,,Geyserville,CA,95441,,,,royalene@trentadue.com,89,-122.879409,38.684111,Clos Du Bois Winery,19410 Geyserville Ave,,,Geyserville,CA,95441,,,,TastingRoom@ClosDuBois.com,90,-122.876716,38.70914,De Lorimier Winery,2001 California 128,,,Geyserville,CA,95441,,,,tasting@delorimierwinery.com,91,-122.90394,38.706264,Ramazzotti Wines - Tasting Room,21015 Geyserville Avenue,,,Geyserville,CA,95441,,,,info@ramazzottiwines.com,92,-122.904305,38.706511,Meeker Vineyard Tasting Room,21035 Geyserville Avenue,,,Geyserville,CA,95441,,,,becca@meekerwine.com,93,-122.923075,38.715669,Geyser Peak Winery,22281 Chianti Road,,,Geyserville,CA,95441,,800-255-WINE,,tastingroom@geyserpeakwinery.com,94,-122.949351,38.714792,Frick Winery,23072 Walling Road,,,Geyserville,CA,95441,,,,Frick@frickwinery.com,95,-122.954736,38.742645,Silver Oak Cellars - Alexander Valley,24625 Chianti Road,,,Geyserville,CA,95441,,,,avinfo@silveroak.com ,96,-122.887037,38.680259,Francis Ford Coppola Winery,300 Via Archimedes,,,Geyserville,CA,95441,,,,info@franciscoppolawinery.com,97,-122.88723,38.680669,FrancisFordCoppola,300 Via Archimedes,,,Geyserville,CA,95441,,,,info@ffcpresents.com,98,-122.849175,38.689312,Draxton Wines,4001 Highway128 ,,,Geyserville,CA,95441,,,,info@draxtonwines.com,99,-122.834911,38.681921,Stryker Sonoma Winery,5110 California 128,,,Geyserville,CA,95441,,(800) 433-1944,,info@strykersonoma.com,100,-122.959789,38.705657,David Coffaro Vineyard,7485 Dry Creek Road,,,Geyserville,CA,95441,,,,david@coffaro.com,101,-122.974713,38.711333,Dutcher Crossing Winery,8533 Dry Creek Road,,,Geyserville,CA,95441,,,,info@dutchercrossingwinery.com,102,-122.994518,38.720952,Sbragia Family Vineyards,9990 Dry Creek Road,,,Geyserville,CA,95441,,,,info@sbragia.com,103,-121.525092,37.042039,Thomas Kruse Winery,3200 Dryden Avenue,,,Gilroy,CA,95020,,,,krusewine@aol.com,104,-121.642399,37.013426,Solis Winery,3920 Hecker Pass Road ,,,Gilroy,CA,95020,,,,solis@soliswinery.com,105,-121.646622,37.013536,Sarahs Vineyard,4005 Hecker Pass Highway,,,Gilroy,CA,95020,,,,TR@sarahsvineyard.com,106,-121.551506,36.964248,Rapazzini Winery,4350 Monterey Highway,,,Gilroy,CA,95020,,,,info@rapazziniwinery.com,107,-121.652896,37.013513,Fortino Winery,4525 Hecker Pass Highway,,,Gilroy,CA,95020,,,,gino@fortinowinery.com,108,-121.654851,37.013228,Hecker Pass Winery,4605 Hecker Pass Road,,,Gilroy,CA,95020,,,,,109,-122.527315,38.388504,Wellington Vineyards,11600 Dunbar Road,,,Glen Ellen,CA,95442,,,,wv@wellingtonvineyards.com,110,-122.500412,38.35861,Arrowood Vineyards,14347 Sonoma Highway,,,Glen Ellen,CA,95442,,800-938-5170,,hospitality@arrowoodvineyards.com,111,-122.499243,38.35023,B R Cohn Winery,15000 Sonoma Hwy,,,Glen Ellen,CA,95442,,,,info@brcohn.com,112,-122.541617,38.359931,Benziger Family Winery,1883 London Ranch Road,,,Glen Ellen,CA,95442,,,,greatwine@benziger.com,113,-122.562473,38.371943,Coturri Winery,6725 Enterprise Road,,,Glen Ellen,CA,95442,,866-268-8774,,,114,-122.505321,38.340613,Lake Sonoma Winey Tasting Room,777 Madrone Road,,,Glen Ellen,CA,95442,,,,info@lswinery.com,115,-122.50534,38.340606,Valley of the Moon Winery,777 Madrone Road,,,Glen Ellen,CA,95442,,,,luna@valleyofthemoonwinery.com,116,-121.259708,36.320727,Jekel Vineyards,40155 Walnut Avenue,,,Greenfield,CA,93927,,,,,117,-122.965921,38.50899,Korbel Champagne Cellars,13250 River Rd,,,Guerneville,CA,95446,,,,,118,-122.406115,37.48012,La Nebbia Winery,12341 San Mateo Road,,,Half Moon Bay,CA,94019,,,,info@lanebbiawinery.com,119,-121.023368,35.508811,Harmony Cellars,3255 Harmony Valley Road,,,Harmony,CA,93435,,,,info@harmonycellars.com,120,-122.935735,38.672544,Amphora Winery,4791 Dry Creek Road,,,Healdsburg,CA,94558,,,,,121,-122.878743,38.521561,Davis Bynum Winery, 8075 Westside Rd,,,Healdsburg,CA,95448,,,,info@davisbynum.com,122,-122.795729,38.657897,Johnsons Alexander Valley Wines, 8333 Highway 128,,,Healdsburg,CA,95448,,,,,123,-122.775789,38.639842,Field Stone Winery,10075 California 128,,,Healdsburg,CA,95448,,,,tastingroom@fieldstonewinery.com,124,-122.829981,38.588036,Limerick Lane Cellars,1023 Limerick Lane,,,Healdsburg,CA,95448,,,,info@limericklanewines.com,125,-122.770607,38.569811,Chalk Hill Winery,10300 Chalk Hill Road,,,Healdsburg,CA,95448,,,,concierge@chalkhill.com,126,-122.897575,38.507444,Gary Farrell Winery,10701 Westside Road,,,Healdsburg,CA,95448,,,,concierge@garyfarrellwinery.com,127,-122.838344,38.600149,Domaine St George,1141 Grant Avenue,,,Healdsburg,CA,95448,,,,contact@stgwines.com,128,-122.843376,38.573531,Rodney Strong Vineyards,11455 Old Redwood Highway,,,Healdsburg,CA,95448,,,,,129,-122.850476,38.589946,Foppiano Vineyards,12707 Old Redwood Highway,,,Healdsburg,CA,95448,,,,info@foppiano.com,130,-122.897637,38.656871,Mazzocco Vineyards,1400 Lytton Springs Road,,,Healdsburg,CA,95448,,(800) 501-8466,,karen@mazzocco.com,131,-122.883373,38.598434,Mill Creek Vineyards,1401 Westside Road,,,Healdsburg,CA,95448,,,,kim@millcreekwinery.com,132,-122.876756,38.630446,Grove Street Winery,1451 Grove Street,,,Healdsburg,CA,95448,,,,info@grovestreetwinery.com,133,-122.851155,38.66148,Jordan Vineyard and Winery,1474 Alexander Valley Road,,,Healdsburg,CA,95448,,800-654-1213,,info@jordanwinery.com,134,-122.773156,38.625902,Lancaster Estate Winery,15001 Chalk Hill Road,,,Healdsburg,CA,95448,,,,hospitality@lancaster-estate.com,135,-122.873554,38.640348,Simi Winery,16275 Healdsburg Avenue,,,Healdsburg,CA,95448,,,,,136,-122.900453,38.639174,Wilson Winery,1960 Dry Creek Road,,,Healdsburg,CA,95448,,800-433-4602,,Donna@wilsonwinery.com,137,-122.871626,38.610049,Murphy-Goode Winery,20 Matheson Street,,,Healdsburg,CA,95448,,,,info@murphygoodewinery.com,138,-122.871931,38.604555,Alderbrook Winery,2306 Magnolia Drive,,,Healdsburg,CA,95448,,,,,139,-122.904804,38.644947,Nalle Winery,2383 Dry Creek Road,,,Healdsburg,CA,95448,,,,doug@nallewinery.com,140,-122.869447,38.610856,Windsor Vineyards - Tasting Room,308 B Center Street,,,Healdsburg,CA,95448,,800-289-9463,,www.vintagewineestates.com,141,-122.914583,38.641935,Pezzi King Vineyards,3225 West Dry Creek Road,,,Healdsburg,CA,95448,,,,sbilbro@pezziking.com,142,-122.920355,38.653113,Amista Vineyards,3320 Dry Creek Road,,,Healdsburg,CA,95448,,,,arrow@amistavineyards.com,143,-122.870876,38.611193,Kendall-Jackson Tasting Room,337 Healdsburg Ave,,,Healdsburg,CA,95448,,,,kjwines@kj.com ,144,-122.922152,38.655048,F Teldeschi Winery,3555 Dry Creek Road,,,Healdsburg,CA,95448,,,,dteldeschi@neteze.com,145,-122.871434,38.611778,Hawley Tasting Room & Gallery,36 North Street,,,Healdsburg,CA,95448,,,,info@hawleywine.com,146,-122.924448,38.653394,Dry Creek Vineyard,3770 Lambert Bridge Road,,,Healdsburg,CA,95448,,,,dcv@drycreekvineyard.com,147,-122.92433,38.65819,Rued Winery,3850 Dry Creek Road,,,Healdsburg,CA,95448,,,,dee@ruedvineyards.com,148,-122.870922,38.564115,Toad Hollow Vineyards,4024 Westside Road,,,Healdsburg,CA,95448,,,,web@toadhollow.com,149,-122.871088,38.564085,C Donatiello Winery,4035 Westside Road,,,Healdsburg,CA,95448,,,,info@cdonatiello.com,150,-122.872515,38.564169,VML Winery,4035 Westside Road,,,Healdsburg,CA,95448,,,,info@vmlwine.com,151,-122.92816,38.647306,Lambert Bridge Winery,4085 West Dry Creek Road,,,Healdsburg,CA,95448,,,,,152,-122.871267,38.612422,Toad Hollow Vineyards - Tasting Room,409 Healdsburg Ave. #A,,,Healdsburg,CA,95448,,(888) 856-4889,,store@toadhollow.com,153,-122.862666,38.606052,Pezzi King Vineyards - Tasting Room,412 Hudson Street,,,Healdsburg,CA,95448,,(866) 473-430,,sbilbro@pezziking.com,154,-122.948003,38.656959,Michel-Schlumberge,4155 Wine Creek Rd,,,Healdsburg,CA,95448,,800-447-3060,,,155,-122.929866,38.664737,Unti Vineyards,4202 Dry Creek Road,,,Healdsburg,CA,95448,,(707) 433-7097,,dee@untivineyards.com,156,-122.862701,38.60632,Bluenose Wines,428 Hudson Street,,,Healdsburg,CA,95448,,(707) 433-2364,,paul@bluenosewines.com,157,-122.862682,38.6062,Hudson Street Wineries,428 Hudson Street,,,Healdsburg,CA,95448,,, 707-473-0768,info@hudsonstreetwineries.com,158,-122.88929,38.609359,Everett Ridge Winery,435 West Dry Creek Road,,,Healdsburg,CA,95448,,(888) 474-7456,,Info@EverettRidge.com,159,-122.935756,38.67257,Peterson Winery,4791 Dry Creek Rd,,,Healdsburg,CA,95448,,,,tastingroom@petersonwinery.com,160,-122.934716,38.673179,Collier Falls Vineyards - Dry Creek Valley,4791 Dry Creek Road Bldg 11,,,Healdsburg,CA,95448,,888-433-6555,(707) 433-7780,wine@collierfalls.com,161,-122.934641,38.673143,Dashe Cellars Tasting Room,4791 Dry Creek Road Bldg 11,,,Healdsburg,CA,95448,,,,drycreek@feamilywines.com ,162,-122.934625,38.673131,Forth Vineyards - Tasting Room,"4791 Dry Creek Road, Bldg 11",,,Healdsburg,CA,95448,707-473-0553,,,wine@forthvineyards.com,163,-122.937709,38.65552,Quivira Vineyards and Winery,4900 W Dry Creek Rd,,,Healdsburg,CA,95448,,,,tscott@quivirawine.com,164,-122.794211,38.629636,Stuhlmuller Vineyards,4951 West Soda Rock Lane,,,Healdsburg,CA,95448,,,,jacque@stuhlmullervineyards.com ,165,-122.875195,38.613136,OptimaWineCellars,498 Moore Lane,,,Healdsburg,CA,95448,,,,info@optimawinery.com,166,-122.866639,38.6078,Longboard Vineyards - Tasting Room,5 Fitch Street,,,Healdsburg,CA,95448,,,,info@longboardvineyards.com,167,-122.861937,38.605896,Holdredge Wines,51 Front Street,,,Healdsburg,CA,95448,,,(707) 431-1404 ,winemaker@holdredge.com ,168,-122.936813,38.675355,Forchini Vineyards & Winery,5141 Dry Creek Road,,,Healdsburg,CA,95448,,,,wine@forchini.com ,169,-122.861508,38.605959,Davis Family Vineyards,52 Front Street,,,Healdsburg,CA,95448,,,(707) 569-0181,dfv@sonic.net ,170,-122.861902,38.606022,Christie Vineyards - Tasting Room,53 Front Street,,,Healdsburg,CA,95448,,,,,171,-122.861899,38.606012,Harts Desire Wine - Tasting Room,53 Front Street,,,Healdsburg,CA,95448,,,,info@hartsdesirewines.com,172,-122.861899,38.606025,J. Keverson Winery - Tasting Room,53 Front Street,,,Healdsburg,CA,95448,,,,john@jkeverson.com,173,-122.837872,38.587933,Deux Amis Winery,602 Limerick Lane,,,Healdsburg,CA,95448,,,,friends@DeuxAmisWines.com,174,-122.83788,38.587942,Mietz Cellars,602 Limerick Lane,,,Healdsburg,CA,95448,,,,info@mietzcellars.com,175,-122.837891,38.58794,Mutt Lynch Winery,602 Limerick Lane,,,Healdsburg,CA,95448,,,,,176,-122.867264,38.535847,Hop Kiln Winery,6050 Westside Road,,,Healdsburg,CA,95448,,,,info@hopkilnwinery.com,177,-122.867682,38.534926,Rochioli Vineyards and Winery,6192 Westside Road,,,Healdsburg,CA,95448,,,,,178,-122.946925,38.688483,Chateau Diana,6195 Dry Creek Road,,,Healdsburg,CA,95448,,,,info@chateaud.com,179,-122.8862,38.658965,Ridge Vineyards - Lytton Springs,650 Lytton Springs Road,,,Healdsburg,CA,95448,,,,wine@ridgewine.com,180,-122.868369,38.52967,Williams Selyem Winery,6575 Westside Road,,,Healdsburg,CA,95448,,,,contact@williamsselyem.com,181,-122.816833,38.668888,Hawkes Winery,6734 Highway 128,,,Healdsburg,CA,95448,,,,info@hawkeswine.com ,182,-122.875562,38.617332,SeghesioWinery,700 Grove Street,,,Healdsburg,CA,95448,,,,tastingroom@seghesio.com,183,-122.868685,38.52379,Arista Winery,7015 Westside Road,,,Healdsburg,CA,95448,,,,info@aristawinery.com,184,-122.81672,38.664113,Stonestreet Winery,7111 Highway 128,,,Healdsburg,CA,95448,,,,info@stonestreetwines.com,185,-122.954843,38.701696,Talty Vineyards & Winery,7127 Dry Creek Road,,,Healdsburg,CA,95448,,,,,186,-122.805256,38.671669,SausalWinery,7370 Highway 128,,,Healdsburg,CA,95448,,,,al@sonic.net,187,-122.95598,38.702006,Yoakim Bridge Vineyards,7399 Dry Creek Road,,,Healdsburg,CA,95448,,,,virginia@yoakimbridge.com,188,-122.957928,38.685987,G_pfrich Winery,7462 West Dry Creek Road,,,Healdsburg,CA,95448,,,(707) 433-1645,info@gopfrich.com,189,-122.807075,38.666873,White Oak Vineyards & Winery,7505 Highway 128,,,Healdsburg,CA,95448,,,,tastingroom@whiteoakwinery.com ,190,-122.884266,38.603759,DaVero Farms & Winery,766 Westside Road,,,Healdsburg,CA,95448,,,,info@davero.com ,191,-122.798937,38.66054,Soda Rock Winery,8015 Hwy 128,,,Healdsburg,CA,95448,,,,info@sodarockwinery.com,192,-122.786143,38.656301,Alexander Valley Vineyards,8644 Highway 128,,,Healdsburg,CA,95448,,,,avv@avvwine.com,193,-122.887633,38.523544,Porter Creek Vineyards,8735 Westside Road,,,Healdsburg,CA,95448,,,,info@portercreekvineyards.com,194,-122.97805,38.712388,Ferrari-Carano Winery,8761 Dry Creek Road,,,Healdsburg,CA,95448,,,,tourinformation@ferrari-carano.com,195,-123.032992,38.669809,Gustafson Family Vineyards,9100 Skaggs Springs Road,,,Healdsburg,CA,95448,,,,info@gfvineyard.com,196,-122.779148,38.651668,"Hanna Winery, Alexander Valley",9280 Highway 128,,,Healdsburg,CA,95448,,,,info@hannawinery.com,197,-122.972256,38.701235,Preston Vineyards and Winery,9282 West Dry Creek Road,,,Healdsburg,CA,95448,,,,,198,-122.979278,38.7059,Bella Vineyards and Wine Caves,9711 W Dry Creek Rd,,,Healdsburg,CA,95448,,,,info@bellawinery.com ,199,-122.878996,38.580748,De La Montanya Winery,999 Foreman Lane,,,Healdsburg,CA,95448,,,,dennis@dlmwine.com ,200,-122.934785,38.65323,A Rafanelli Winery,4685 W Dry Creek Rd,,,Healdsburg,CA,95448-8124,,,,,201,-122.880439,38.588468,Armida Winery,2201 Westside Rd,,,Healdsburg,CA,95448-9342,,,,info@armida.com,202,-122.837899,38.588103,Christopher Creek Winery,641 Limerick Lane,,,Healdsburg,CA,95448-9586,,,,info@christophercreek.com,203,-121.392124,36.745349,Pietra Santa Winery,10034 Cienega Road,,,Hollister,CA,95023,,,,nfo@pietrasantawinery.com,204,-121.358752,36.82657,Leal Vineyards,300 Maranatha Drive,,,Hollister,CA,95023,,,,info@lealvineyards.com,205,-123.049391,38.978215,Weibel Family Vineyards & Winery,13300 Buckman Drive,,,Hopland,CA,95449,,,,,206,-120.96738,38.309092,Clos du Lac Cellars,3151 Hwy 88,,,Ione,CA,95640,,,,cdltr@earthlink.net,207,-120.967423,38.309151,Clos Du Lac Cellars,3151 Hwy 88,,,Ione,CA,95640,,,,,208,-122.864597,38.994594,Mt. Konocti Winery,2550 Big Valley Rd,,,Kelseyville,CA,95451,,,,,209,-122.839591,38.977975,Wildhurst Vineyards - Tasting room,3855 Main Street,,,Kelseyville,CA,95451,,(800) 595-9463,,info@wildhurst.com,210,-122.586093,38.441102,Ledson Winery & Vineyards,7335 Sonoma Hwy,,,Kenwood,CA,95409,,,,,211,-122.554899,38.428318,Kaz Winery,233 Adobe Canyon Road,,,Kenwood,CA,95452,,,,kaz@kazwinery.com,212,-122.547319,38.427496,Chateau St Jean,8555 Sonoma Highway (Highway 12),,,Kenwood,CA,95452,,877-478-5326,,,213,-122.552139,38.420129,Paradise Ridge Winery - Kenwood Tasting Room,8860 Sonoma Highway,,,Kenwood,CA,95452,,,,kenwood@prwinery.com,214,-122.547719,38.415464,Collier Falls Vineyards - Kenwood Tasting Room,9380 Sonoma Highway,,,Kenwood,CA,95452,,,,wine@collierfalls.com,215,-122.543017,38.416165,Kenwood Vineyards,9592 Sonoma Highway,,,Kenwood,CA,95452,,,,info@kenwoodvineyards.com,216,-122.540152,38.411122,Kunde Family Estate,9825 Sonoma Highway,,,Kenwood,CA,95452,,,,wineinfo@kunde.com,217,-121.75051,37.673172,Retzlaff Vineyards,1356 South Livermore Avenue,,,Livermore,CA,94550,,,,retzlaffwinery@gmail.com,218,-121.747632,37.668782,Page Mill Winery,1960 South Livermore Ave,,,Livermore,CA,94550,,,,info@pagemillwinery.com,219,-121.732839,37.658964,Murrietas Well Winery,3005 Mines Road,,,Livermore,CA,94550,,,,,220,-121.739738,37.665308,Concannon Vineyard,4590 Tesla Road,,,Livermore,CA,94550,,,,info@concannonvineyard.com,221,-121.733853,37.665525,Crooked Vine Winery,4948 Tesla Rd.,,,Livermore,CA,94550,,,,info@crookedvine.com,222,-121.733842,37.665512,Stony Ridge Winery,4948 Tesla Rd.,,,Livermore,CA,94550,,,,info@crookedvine.com,223,-121.756738,37.624314,Wente Vineyards,5050 Arroyo Road,,,Livermore,CA,94550,,,,,224,-121.788796,37.639281,Thomas Coyne Winery,51 Vallecitos Road,,,Livermore,CA,94550,,,,,225,-121.714567,37.6652,Rios Lovell Winery,6500 Tesla Road,,,Livermore,CA,94550,,,,michelle@rioslovellwinery.com,226,-121.697917,37.665155,Garr_ Winery & Caf_,7986 Tesla Road,,,Livermore,CA,94550,,,,garre@garrewinery.com,227,-121.79527,37.640594,Fenestra Winery,83 Vallecitos Road,,,Livermore,CA,94550,,,,info@fenestrawinery.com,228,-121.713946,37.665147,Cedar Mountain Winery,7000 Tesla Road,,,Livermore,CA,94550-9151,,,,,229,-121.723838,37.664985,Wente Brothers Estate Winery,5565 Tesla Road,,,Livermore,CA,,,,,,230,-121.16294,38.15401,Boitano Family Wines - Tasting Room,12470 Locke Rd,,,Lockeford,CA,95237,,209-727-3270,,boitanofamilywines@hotmail.com,231,-121.163213,38.154048,Vino Piazza,12470 Locke Rd,,,Lockeford,CA,95237,,,,,232,-121.162881,38.154014,Pasos Vineyards - Tasting Room,12470 Locke Rd.,,,Lockeford,CA,95237,,,,info@pasoswinery.com,233,-121.162891,38.154027,Stama Winery,12470 Locke Road,,,Lockeford,CA,95237,,(209) 747-5336,,,234,-121.162934,38.154018,Vino Piazza - Wine Tasting,12470 Locke Road,,,Lockeford,CA,95237,,,,,235,-121.248062,38.145064,St.Amant Winery,1 Winemaster Way,,,Lodi,CA,95240,,,(209) 367-4276,steamant@aol.com,236,-121.196749,38.136413,Watts Winery,17036 North Locust Tree Road,,,Lodi,CA,95240,,,,wattswinery@yahoo.com,237,-121.241947,38.137552,Oak Ridge Winery,6100 E. Hwy 12 (Victor Rd.),,,Lodi,CA,95240,,,,lrogers@oakridgewinery.com,238,-121.201054,38.101659,Harmony Wynelands Winery,9291 East Harney Lane,,,Lodi,CA,95240,,,,info@harmonywynelands.com,239,-121.352738,38.138573,Spenker Winery,17303 N. DeVries Rd,,,Lodi,CA,95242,,,,info@spenkerwinery.com,240,-121.334344,38.148047,Lucas Winery,18196 Davis Road,,,Lodi,CA,95242,,,,info@lucaswinery.com,241,-121.339831,38.145746,Jessies Grove Winery,1973 West Turner Road,,,Lodi,CA,95242,,,,info@jessiesgrovewinery.com,242,-121.319827,38.115385,Van Ruiten Family Vineyards,340 California 12,,,Lodi,CA,95242,,866-334-5722,,info@vrwinery.com,243,-121.372286,38.115993,Michael-David Winery,4580 California 12,,,Lodi,CA,95242,,,,vintage@michaeldavidwinery.com,244,-120.439913,34.642108,Evening Land Vineyard - Tasting Room,1503 East Chestnut Ave,,,Lompoc,CA,93436,,,,,245,-120.439663,34.642135,Joseph Blair Wines - Tasting Room,1509 E Chestnut Ave,,,Lompoc,CA,93436,,,,info@josephblair.com,246,-120.439416,34.642097,Bratcher Winery - Tasting Room,1515 East Chestnut Ave,,,Lompoc,CA,93436,,,,Chris@bratcherwinery.com,247,-120.439475,34.642143,Arcadian Winery - Tasting Room,1515- B East Chestnut Avenue,,,Lompoc,CA,93436,,,,joe@arcadianwinery.com,248,-120.439108,34.642721,Palmina Wines - Tasting Room,1520 East Chestnut Court,,,Lompoc,CA,93436,,,,info@palminawines.com,249,-120.439301,34.642313,Loring Wine Company - Tasting Room,1591 E. Chestnut Avenue,,,Lompoc,CA,93436,,,,Kimberly@LoringWineCompany.com,250,-120.438714,34.642108,Fiddlehead Cellars - Tasting Room,1597 East Chestnut Avenue,,,Lompoc,CA,93436,,,,info@fiddleheadcellars.com,251,-120.437917,34.642501,Ampelos Cellars - Tasting Room,312 North 9th Street,,,Lompoc,CA,93436,,,,Info@ampeloscellars.com,252,-120.331063,34.666477,Melville Vineyards and Winery,5185 California 246,,,Lompoc,CA,93436,,,,info@melvillevineyards.com,253,-120.307723,34.648333,Foley Estates Winery,6121 East Highway 246,,,Lompoc,CA,93436,,,,tastingroom@foleywines.com ,254,-121.191599,38.832103,Casque Wines,3273 Swetzer Road,,,Loomis,CA,95650,,,,kevin@casquewines.com,255,-121.151326,38.809435,Cristaldi Vineyards,4060 Ridge Drive,,,Loomis,CA,95650,,,,,256,-121.189241,38.803965,Secret Ravine Vineyard and Winery,4390 Gold Trail Way,,,Loomis,CA,95650,,,,srvwine@ncbb.net .  ,257,-121.19585,38.818928,Ciotti Cellars - Tasting Room,3750 Taylor Road,,,Loomis,CA,,,,,info@ciotticellars.com,258,-118.223925,34.063415,San Antonio Winery - Los Angeles,737 Lamar St,,,Los Angeles,CA,90031,,,,winery@sanantoniowinery.com,259,-122.045955,37.167263,David Bruce Winery,21439 Bear Creek Road,,,Los Gatos,CA,95033,,,,DBW@davidbrucewinery.com,260,-122.052349,37.170373,Byington Winery,21850 Bear Creek Road,,,Los Gatos,CA,95033-9438,,,,,261,-120.115082,34.666085,Native9 Wine - Tasting Room, 2933 Grand Avenue Suite A,,,Los Olivos,CA,93441,,,,james@native9wine.com ,262,-120.11599,34.665616,Byron Vineyard - Tasting Room,2367 Alamo Pintado Avenue,,,Los Olivos,CA,93441,,,,info@byronwines.com,263,-120.115113,34.664655,Andrew Murray - Tasting Room,2901 Grand Ave,,,Los Olivos,CA,93441,,,,,264,-120.115093,34.66625,Longoria Wines - Los Olivos Tasting Room,2935 Grand Avenue,,,Los Olivos,CA,93441,,,,info@longoriawine.com,265,-120.143486,34.713413,Firestone Vineyard,5017 Zaca Station Road,,,Los Olivos,CA,93441,,,,TastingRoom@FirestoneWine.com,266,-120.142161,34.726368,Andrew Murray Vineyards,5095 Zaca Station Road ,,,Los Olivos,CA,93441,,,,,267,-120.133299,34.72404,Curtis Winery,5249 Foxen Canyon Road,,,Los Olivos,CA,93441,,,,info@curtiswinery.com,268,-120.125987,34.729926,Koehler Winery,5360 Foxen Canyon Road,,,Los Olivos,CA,93441,,,,info@koehlerwinery.com,269,-120.119909,34.742745,Fess Parker Winery,6200 Foxen Canyon Road,,,Los Olivos,CA,93441,,(800) 841-1104,,infowinery@fessparker.com,270,-120.133331,34.773045,Zaca Mesa Winery,6905 Foxen Canyon Road,,,Los Olivos,CA,93441,,,,info@zacamesa.com,271,-121.218896,37.854881,Delicato Winery,12001 South Highway 99,,,Manteca,CA,95336,,,,info@dfvwines.com,272,-122.101718,38.004596,Viano Vineyards,150 Morello Avenue,,,Martinez,CA,94553,,,,info@vianovineyards.com,273,-122.273498,37.430506,Woodside Vineyards,205 Constitution Drive,,,Menlo Park,CA,94025,,,,info@woodsidevineyards.com,274,-122.527712,38.735599,Guenoc Winery,21000 Butts Canyon Rd,,,Middletown,CA,95461,,,,info@langtryestate.com,275,-117.541966,34.011664,Galleano Winery,4231 Wineville Avenue,,,Mira Loma,CA,91752,,,,info@galleanowinery.com,276,-121.830617,36.581866,Ventana Vineyards - Monterey Tasting Room,2999 Salinas Highway,,,Monterey,CA,93940,,,,info@ventanawines.com,277,-121.900467,36.616186,Bargetto Winery - Cannery Row,700 Cannery Row Ste G,,,Monterey,CA,93940,,,,,278,-121.898085,36.611947,Baywood Cellars,381 Cannery Row,,,Monterey,CA,93940-1436,,,,,279,-121.664151,37.060102,Sycamore Creek Vineyards & Winery,12775 Uvas Road,,,Morgan Hill,CA,95037,,,,tastingroom@sycamorecreekvineyards.com,280,-121.63427,37.146143,Guglielmo Winery,1480 East Main Avenue,,,Morgan Hill,CA,95037,,,,info@guglielmowinery.com,281,-121.620525,37.13155,Morgan Hill Cellars,1645 San Pedro Avenue,,,Morgan Hill,CA,95037,,,,wines@morganhillcellars.com,282,-120.46688,38.121087,Ironstone Vineyards,1894 Six Mile Road,,,Murphys,CA,95247,,,,info@ironstonevineyards.com,283,-120.412884,38.170972,Brice Station Vintners,3353 California 4 ,,,Murphys,CA,95247,,,,wine@bricestation.com,284,-120.465252,38.137755,Stevenot Winery - Tasting Room,458 Main Street #3,,,Murphys,CA,95247,,,,,285,-122.229391,38.220393,Reata Winery,1 Kirkland Ranch Rd,,,Napa,CA,94558,,,,info@reatawines.com,286,-122.330843,38.226099,Bouchaine Vineyards,1075 Buchli Station Road,,,Napa,CA,94558,,,,,287,-122.28899,38.379387,White Rock Vineyards,1115 Loma Vista Drive,,,Napa,CA,94558,,,,caves@whiterockvineyards.com,288,-122.349291,38.363431,Darms Lane Vineyards,1150 Darms Lane,,,Napa,CA,94558,,,,customerservice@darmslanewine.com,289,-122.423452,38.371155,Mayacamas Vineyards,1155 Lokoya Road,,,Napa,CA,94558,,,,info@mayacamas.com,290,-122.322979,38.356095,Trefethen Vineyards,1160 Oak Knoll Avenue,,,Napa,CA,94558,,,,,291,-122.258257,38.297606,Tulocay Winery,1426 Coombsville Road,,,Napa,CA,94558,,,,bill@tulocay.com,292,-122.267253,38.355603,William Hill Winery,1761 Atlas Peak Road,,,Napa,CA,94558,,(707) 224-4477,,tastingroom@williamhillestate.com,293,-122.219263,38.228368,Elkhorn Peak Cellars,200 Polson Rd,,,Napa,CA,94558,,,,Ken@ElkhornPeak.com,294,-122.228801,38.312627,Farella Vineyards,2222 N 3rd Ave ,,,Napa,CA,94558,,,,info@farella.com,295,-122.283129,38.344557,Luna Vineyards,2921 Silverado Trail,,,Napa,CA,94558,,,,tastingroom@lunavineyards.com,296,-122.215637,38.354631,Jarvis Vineyards,2970 Monticello Road,,,Napa,CA,94558,,800-255-5280,,info@jarviswines.com,297,-122.350469,38.338275,Phoenix Vineyards & Winery,3175 Dry Creek Road,,,Napa,CA,94558,,877-374-6364,,,298,-122.287011,38.35543,ReynoldsFamilyWinery,3266 Silverado Trail,,,Napa,CA,94558,,,,info@reynoldsfamilywinery.com,299,-122.293646,38.438399,Krupp Brothers,3267 Soda Canyon Road,,,Napa,CA,94558,,,,info@kruppbrothers.com ,300,-122.292477,38.427824,Antica Napa Valley,3700 Soda Canyon Road,,,Napa,CA,94558,,,,info@anticanapavalley.com,301,-122.448142,38.399216,Chateau Potelle,3875 Mount Veeder Road,,,Napa,CA,94558,,,,matthew@chateaupotelle.com,302,-122.235131,38.297812,Ancien Wines,4047 E 3rd Ave,,,Napa,CA,94558,,(707) 927-6594,,,303,-122.288459,38.358564,Van Der Heyden Vineyards,4057 Silverado Trail,,,Napa,CA,94558,,,,talig@vanderheydenvineyards.com,304,-122.290299,38.360259,Black Stallion Winery,4089 Silverado TraIl,,,Napa,CA,94558,,,,nfo@blackstallionwinery.com,305,-122.294977,38.367199,Darioush Winery,4240 Silverado Trail,,,Napa,CA,94558,,,,info@darioush.com,306,-122.310255,38.35856,Monticello Vineyards,4242 Big Ranch Road,,,Napa,CA,94558,,,,wine@corleyfamilynapavalley.com,307,-122.389745,38.338654,Hess Collection Winery,4411 Redwood Road,,,Napa,CA,94558,,,,info@hesscollection.com,308,-122.29885,38.368377,Signorello Vineyards,4500 Silverado Trail,,,Napa,CA,94558,,,,reservations@signorelloestate.com,309,-122.332978,38.354618,Laird Family Estate,5055 Solano Avenue,,,Napa,CA,94558,,877-297-4902,,info@lairdfamilyestate.com,310,-122.317282,38.372314,Kates Vineyard,5211 Big Ranch Road,,,Napa,CA,94558,,,,information@katesvineyard.com,311,-122.338112,38.364221,Silenus Vintners ,5225 Solano Ave.,,,Napa,CA,94558,,,,tastingroom@silenusvintners.com,312,-122.315158,38.386687,Clos Du Val Winery,5330 Silverado Trail,,,Napa,CA,94558,,,,visit@closduval.com,313,-122.368834,38.453521,Gargiulo Vineyards,575 Oakville Cross Road,,,Napa,CA,94558,,,,Sharon@gargiulovineyards.com,314,-122.324996,38.398191,Stags Leap Wine Cellars,5766 Silverado Trail,,,Napa,CA,94558,,,,customerservice@cask23.com,315,-122.331058,38.405968,Pine Ridge Vineyards,5901 Silverado Trail,,,Napa,CA,94558,,800-575-9777,,concierge@pineridgewine.com,316,-122.329566,38.405615,Steltzner Vineyards ,5998 Silverado Trl,,,Napa,CA,94558,,800-707-9463,,Wines@steltzner.com,317,-122.195477,38.446556,Moss Creek Winery,6015 Steele Canyon Road,,,Napa,CA,94558,,,,info@mosscreekwinery.com,318,-122.336916,38.411382,Silverado Vineyards,6121 Silverado Trail,,,Napa,CA,94558,,,,,319,-122.324028,38.417508,Quixote Winery,6126 Silverado Trail,,,Napa,CA,94558,,,,info@quixotewinery.com ,320,-122.321498,38.414043,Stags Leap Winery,6150 Silverado Trail,,,Napa,CA,94558,,,,cs_stags@stagsleap.com,321,-122.326916,38.419915,Shafer Vineyards,6154 Silverado Trail,,,Napa,CA,94558,,,,info@shafervineyards.com,322,-122.374542,38.455093,PlumpJack Winery,620 Oakville Cross Road,,,Napa,CA,94558,,,,tastingroom@plumpjack.com,323,-122.33643,38.424802,Robert Sinskey Vineyards,6320 Silverado Trail,,,Napa,CA,94558,,,,,324,-122.353229,38.445128,Vine Cliff Winery,7400 Silverado Trail,,,Napa,CA,94558,,,,info@vinecliff.com,325,-122.389656,38.421432,Napa Cellars,7481 Saint Helena Hwy,,,Napa,CA,94558,,,,info@napacellars.com,326,-122.366176,38.458812,Dalla Valle Vineyards,7776 Silverado Trail,,,Napa,CA,94558,,,,,327,-122.377881,38.467024,Pi_a Napa Valley,8060 Silverado Trail,,,Napa,CA,94558,,,,info@pinanapavalley.com,328,-122.412404,38.447653,Cakebread Cellars,8300 St. Helena Highway,,,Napa,CA,94558,,,,,329,-122.413364,38.448816,Sequoia Grove Vineyards,8338 Saint Helena Hwy,,,Napa,CA,94558,,,,info@sequoiagrove.com,330,-122.388918,38.47648,Zd Wines,8383 Silverado Trail,,,Napa,CA,94558,,,,info@zdwines.com,331,-122.417387,38.453202,St. Sup_ry Estate Vineyards and Winery,8440 South Saint Helena Highway,,,Napa,CA,94558,,800-942-0809,,divinecab@stsupery.com,332,-122.27324,38.249803,ArielVineyards,860 Napa Valley Corporate Way Ste. C,,,Napa,CA,94558,,,,info@arielvineyards.com,333,-122.273814,38.245263,Trinitas Cellars,875 Bordeaux Way,,,Napa,CA,94558,,,,tastingroom@trinitascellars.com,334,-122.349029,38.254948,Cuvaison - Carneros,1221 Duhig Road,,,Napa,CA,94559,,,,info@cuvaison.com,335,-122.34898,38.255222,Domaine Carneros,1240 Duhig Road,,,Napa,CA,94559,,,,tours@domainecarneros.com,336,-122.287134,38.301127,Krupp Brothers - Vintners Collective Tasting Room,1245 Main Street,,,Napa,CA,94559,,,,info@kruppbrothers.com,337,-122.287709,38.298148,Ceja Vineyards - Tasting Salon,1248 First Street,,,Napa,CA,94559,,877-633-3954,,wine@cejavineyards.com,338,-122.355369,38.269134,Artesa Vineyards & Winery,1345 Henry Road,,,Napa,CA,94559,,,,Info@artesawinery.com,339,-122.293024,38.244685,Merryvale Vineyards,1451 Stanley Ln,,,Napa,CA,94559,,,,,340,-122.348728,38.230343,Acacia Winery,2750 Las Amigas Road,,,Napa,CA,94559,,,,Acacia.Info@AcaciaVineyard.com,341,-122.323322,38.285604,Truchard Vineyards,3234 Old Sonoma Rd.,,,Napa,CA,94559,,,,,342,-122.35671,38.258471,Hudson Vineyards,5398 Carneros Highway,,,Napa,CA,94559,,,,info@hudsonvineyards.com,343,-122.341631,38.256098,Madonna Estate,5400 Old Sonoma Road,,,Napa,CA,94559,,,,mail@madonnaestate.com ,344,-122.30747,38.354757,Andretti Winery,4162 Big Ranch Road,,,Napa,CA,94558-1405,,,,,345,-122.317078,38.389067,Chimney Rock Winery,5350 Silverado Trail,,,Napa,CA,94558-9410,,,,Events@ChimneyRock.com,346,-122.175162,38.36439,Altamura Winery,1700 Wooden Valley Road,,,Napa,CA,94558-9617,,,,,347,-122.34773,38.268351,Folio Wine,1285 Dealy Lane,,,Napa,CA,94559-9706,,,,,348,-121.335583,36.362472,Cobblestone Vineyards,1500 Cotner Ave,,,Los Angeles,CA,90025,707-259-1110,,,,349,-121.0195,39.262127,Nevada City Winery,321 Spring Street,,,Nevada City,CA,95959,,,,,350,-121.184971,38.922561,Dono dal Cielo Vineyard and Winery,6100 Wise Road,,,Newcastle,CA,95658,,,,info@donodalcielo.com,351,-121.17236,38.894198,Pescatore Vineyard and Winery,7055 Ridge Road,,,Newcastle,CA,95658,,,,pescatore@pescatorewines.com,352,-121.154029,38.903675,Ophir Wines,7870 Santini Lane,,,Newcastle,CA,95658,,,,,353,-122.531274,38.053891,Pacheco Ranch Winery,235 Alameda Del Prado,,,Novato,CA,94949,,,,deb@pachecoranchwinery.com,354,-122.402501,38.423924,Far Niente Winery,1350 Acacia Drive  ,,,Oakville,CA,94562,,,,,355,-122.389691,38.421453,Folie a Deux Winery,7481 St. Helena Highway,,,Oakville,CA,94562,,800-535-6400,,fadinfo@folieadeux.com,356,-122.379343,38.449064,Groth Vineyards and Winery,750 Oakville Cross Road,,,Oakville,CA,94562,,,,info@grothwines.com,357,-122.390324,38.429892,Cardinale Estate,7600 St. Helena Highway,,,Oakville,CA,94562,,800-588-0279,,info@cardinale.com,358,-122.390297,38.429904,La Jota Vineyard Tasting,7600 St. Helena Highway,,,Oakville,CA,94562,,,,info@lajotawines.com,359,-122.408627,38.44146,Robert Mondavi Winery,7801 Saint Helena Highway,,,Oakville,CA,94562,,,,,360,-122.388619,38.449216,Saddleback Cellars,7802 Money Road,,,Oakville,CA,94562,,,,,361,-122.402179,38.436275,Napa Wine Company,7830 Saint Helena Highway,,,Oakville,CA,94562,,,,moreinfo@napawineco.com,362,-122.370851,38.461772,Miner Family Vineyards,7850 Silverado Trail,,,Oakville,CA,94562,,,,info@minerwines.com ,363,-122.381709,38.441153,Silver Oak Cellars - Napa,915 Oakville Crossroad,,,Oakville,CA,94562,,(800) 273-8809,,tours@silveroak.com,364,-118.223834,34.06354,San Antonio Winery - Ontario,2802 South Milliken Avenue,,,Ontario,CA,91761,,,,ontario@sanantoniowinery.com,365,-121.254285,39.329538,Renaissance Vineyard and Winery,12587 Rices Crossing Road,,,Oregon House,CA,95962,,800-655-3277,,ann@renaissancewinery.com,366,-120.531789,35.548848,B & E Vineyard/Winery,10000 Creston Road,,,Paso Robles,CA,93446,,,,bevineyard@aol.com,367,-120.922556,35.657905,Carmody McKnight,11240 Chimney Rock Road,,,Paso Robles,CA,93446,,800-282-0730,,info@carmodymcknight.com,368,-120.922574,35.657904,Carmody McKnight Estate Vineyards,11240 Chimney Rock Road,,,Paso Robles,CA,93446,,,,info@carmodymcknight.com,369,-120.900534,35.654502,Justin Vineyards & Winery,11680 Chimney Rock Road,,,Paso Robles,CA,93446,,800-726-0049,,brian@justinwine.com,370,-120.717672,35.702163,Rabbit Ridge Winery,1172 San Marcos Road,,,Paso Robles,CA,93446,,,,russells@rabbitridgewinery.com,371,-120.721979,35.589455,Hope Family Wines,1585 Live Oak Road,,,Paso Robles,CA,93446,,,,tastingroom@hfwines.com,372,-120.773542,35.589132,Dunning Vineyards,1953 Niderer Road,,,Paso Robles,CA,93446,,,,info@dunningwines.com,373,-121.95159,37.022209,Doce Robles Winery,2023 Twelve Oaks Drive,,,Paso Robles,CA,93446,,,,,374,-120.730841,35.674276,Peachy Canyon Winery,2025 Nacimiento Lake Drive,,,Paso Robles,CA,93446,,,,info@peachycanyon.com,375,-120.734725,35.697796,Caparone Winery,2280 San Marcos Road,,,Paso Robles,CA,93446,,805-467-3827,,info@caparone.com,376,-120.642457,35.645754,Eos Estate Winery,2300 Airport Road,,,Paso Robles,CA,93446,,,,tastingroom@eosvintage.com,377,-120.740291,35.569248,Kenneth Volk Vineyards - Paso Robles Tasting Room,2485 Highway 46 West,,,Paso Robles,CA,93446,,,,info@volkwines.com,378,-120.740312,35.569257,Lone Madrone - Tasting Room,2485 Highway 46 West,,,Paso Robles,CA,93446,,,,info@lonemadrone.com,379,-120.775355,35.637152,Twilight Cellars,2740 Hidden Mountain Road,,,Paso Robles,CA,93446,,,,info@TwilightCellars.com,380,-120.734789,35.575014,Midnight Cellars,2925 Anderson Road,,,Paso Robles,CA,93446,,,,info@midnightcellars.com,381,-120.738126,35.577676,Dark Star Cellars,2985 Anderson Road,,,Paso Robles,CA,93446,,,,susan@darkstarcellars.com,382,-120.756145,35.570995,Donatoni Winery,3225 Township Road,,,Paso Robles,CA,93446,,,,donatoniwinery@aol.com,383,-120.732021,35.651268,Le Cuvier Winery,3333 Vine Hill Lane,,,Paso Robles,CA,93446,,800-549-4764,,club@lcwine.com,384,-120.578685,35.650941,Bianchi Winery,3380 Branch Road,,,Paso Robles,CA,93446,,,,info@bianchiwine.com,385,-120.751628,35.62695,Calcareous Vineyard,3430 Peachy Canyon Road,,,Paso Robles,CA,93446,,,,christy@calcareous.com,386,-120.633777,35.644629,Robert Hall Winery,3443 Mill Road,,,Paso Robles,CA,93446,,,,tastingroom@roberthallwinery.com,387,-120.62806,35.650049,Eberle Winery,3810 Highway 46 E,,,Paso Robles,CA,93446,,,,tastingroom@eberlewinery.com,388,-120.658722,35.673858,Le Vigne Winery,5115 Buena Vista Drive,,,Paso Robles,CA,93446,,,,info@levignewinery.com,389,-120.794774,35.575817,Denner Vineyards,5414 Vineyard Drive,,,Paso Robles,CA,93446,,,,info@dennervineyards.com,390,-120.688018,35.622001,DAnbino Vineyards,710 Pine Street,,,Paso Robles,CA,93446,,,,info@danbino.com,391,-120.689793,35.62677,Asuncion Ridge Vineyards - Tasting Room,725 12th Street,,,Paso Robles,CA,93446,,,,asuncionridge@hughes.net,392,-120.565038,35.597508,Cass Winery,7350 Linne Road,,,Paso Robles,CA,93446,,,,email: info@casswines.com,393,-120.688108,35.622264,Anglim Winery - Tasting Room,740 Pine Street,,,Paso Robles,CA,93446,,,,info@anglimwinery.com,394,-120.832068,35.597652,Norman Vineyards,7450 Vineyard Drive,,,Paso Robles,CA,93446,,,,lei@normanvineyards.com,395,-120.836949,35.602378,Poalillo Vineyards,7970 Vineyard Drive,,,Paso Robles,CA,93446,,,,susan@poalillovineyards.com,396,-120.689064,35.627939,Clayhouse Wines,849 13th Street,,,Paso Robles,CA,93446,,800-403-6107,,info@clayhousewines.com,397,-120.614653,35.620566,Clautiere Vineyards,1340 Penman Springs Road,,,Paso Robles,CA,93446-7026,,,,info@clautiere.com,398,-120.797424,35.64959,Adelaida Cellars,5805 Adelaida Road,,,Paso Robles,CA,93446-9783,,800-676-1232,,wines@adelaida.com,399,-122.687113,38.219769,Braren Pauli Winery,1611 Spring Hill Road,,,Petaluma,CA,94952,,,,,400,-122.591095,38.25849,Roche Winery Production Facility,3066 Adobe Road,,,Petaluma,CA,94954,,(800) 825-9475,,info@rochewinery.com,401,-123.483324,39.096113,Navarro Vineyards,5601 Hwy 128,,,Philo,CA,95466,,(800) 537-9463,707-895-3647,sales@navarrowine.com,402,-120.774449,38.743331,Boeger Winery,1709 Carson Road,,,Placerville,CA,95667,,800-655-2634,,info@boegerwinery.com,403,-120.740417,38.751661,Lava Cap Winery,2221 Fruitridge Rd,,,Placerville,CA,95667,,(800) 475-0175,,karen@lavacap.com,404,-120.704368,38.737971,Jodar Winery Tasting Room,3405 Carson Court,,,Placerville,CA,95667,,,,,405,-120.696573,38.675799,Hollys Hill Winery,3680 Leisure Lane,,,Placerville,CA,95667,,,,winery@hollyshill.com,406,-120.674823,38.689919,Narrow Gate Vineyards,4282 Pleasant Valley Road,,,Placerville,CA,95667,,,,wine@narrowgatevineyards.com,407,-120.695959,38.677677,Sierra Vista Vineyards & Winery,4560 Cabernet Way,,,Placerville,CA,95667,,,,,408,-120.889606,38.783754,Gold Hill Winery,5660 Vineyard Lane,,,Placerville,CA,95667,,,,,409,-120.73465,38.68989,Chateau Rodin Winery,4771 Greenhills Road,,,Placerville,CA,95667-9267,,,,,410,-120.8282,38.547943,Story Winery,10525 Bell Road,,,Plymouth,CA,95669,,,,storyinfo@zin.com,411,-120.820915,38.521272,VinoNoceto,11011 Shenandoah Road,,,Plymouth,CA,95669,,,,info@noceto.com,412,-120.820813,38.539824,Karly Wines,11076 Bell Rd,,,Plymouth,CA,95669,,,,,413,-120.793884,38.541209,Renwood Winery,12225 Steiner Road,,,Plymouth,CA,95669,,,,info@renwood.com,414,-120.794367,38.536795,Shenandoah Vineyards,12300 Steiner Road,,,Plymouth,CA,95669,,,,info@sobonwine.com,415,-120.792704,38.541729,Deaver Vineyards,12455 Steiner Road,,,Plymouth,CA,95669,,,,info@deavervineyards.com,416,-120.790805,38.540382,Amador Foothill Winery,12500 Steiner Road,,,Plymouth,CA,95669,,,,info@amadorfoothill.com,417,-120.789785,38.540026,Charles Spinetta,12557 Steiner Road,,,Plymouth,CA,95669,,,,,418,-120.754965,38.532777,SobonEstate,14430 Shenandoah Road,,,Plymouth,CA,95669,,,,info@sobonwine.com,419,-120.803733,38.509242,Terra dOro Winery,20680 Shenandoah School Road,,,Plymouth,CA,95669,,,,info@terradorowinery.com ,420,-120.803797,38.509221,Montevina Winery (at Terra dêOro Winery),20680 Shenandoah School Road,,,Plymouth,CA,95669,,,,info@montevina.com,421,-122.451575,38.634686,Pope Valley Winery,6613 Pope Valley Road,,,Pope Valley,CA,94567,,,,info@popevalleywinery.com,422,-116.924636,33.007672,Schwaesdall Winery,17677 Rancho De Oro Drive,,,Ramona,CA,92065,,,,wineryevent@aol.com,423,-117.532178,34.121371,Joseph Filippi Winery,12467 Base Line Road,,,Rancho Cucamonga,CA,91739,,,,,424,-122.428146,38.465342,Grgich Hills Estate,1829 Saint Helena Highway,,,Rutherford,CA,94558,,(800) 532-3057,,info@grgich.com,425,-122.408753,38.44434,Turnbull Wine Cellars,8210 Saint Helena Highway,,,Rutherford,CA,94562,,(800) 887-6285,,info@turnbullwines.com,426,-122.423192,38.459272,Beaulieu Vineyard,1960 St. Helena Highway,,,Rutherford,CA,94573,,,,,427,-122.404532,38.493999,Rutherford Hill Winery,200 Rutherford Hill Road,,,Rutherford,CA,94573,,,,info@rutherfordhill.com,428,-122.402689,38.496392,HALL Rutherford,56 Auberge Rd.,,,Rutherford,CA,94573,,,,celebrate@hallwines.com,429,-122.418428,38.454765,Peju Province Winery,8466 Saint Helena Highway,,,Rutherford,CA,94573,,,,tastingroom@peju.com,430,-122.404309,38.468312,Honig Vineyard and Winery,850 Rutherford Road,,,Rutherford,CA,94573,,,,kelly@honigwine.com,431,-122.398767,38.469845,Caymus Vineyards,8700 Conn Creek Rd,,,Rutherford,CA,94573,,,,info@caymus.com,432,-122.400216,38.474679,Frogs Leap Winery,8815 Conn Creek Road,,,Rutherford,CA,94573,,,,rabbit@frogsleap.com,433,-122.418989,38.450875,Swanson Vineyards - Salon + Sip,1271 Manley Lane,,,Rutherford,CA,94573,707-754-4018,,,salon@swansonvineyards.com ,434,-122.358438,38.470777,David Arthur Vineyards,210 Long Ranch Road,,,Saint Helena,CA,94573,,,,tours@davidarthur.com,435,-122.48955,38.528427,Duckhorn Vineyards,1000 Lodi Lane,,,Saint Helena,CA,94574,,,,concierge@duckhorn.com,436,-122.439521,38.505819,Kent Rasmussen Winery,1001 Silverado Trail South,,,Saint Helena,CA,94574,,,,,437,-122.50362,38.549097,Tudal Winery,1015 Big Tree Road,,,Saint Helena,CA,94574,,,,,438,-122.427564,38.476678,Sullivan Vineyards,1090 Galleron Road,,,Saint Helena,CA,94574,,,,,439,-122.445921,38.485269,Milat Vineyards,1091 Saint Helena Highway,,,Saint Helena,CA,94574,,,,info@milat.com,440,-122.449391,38.48886,V Sattui Winery,1111 White Lane,,,Saint Helena,CA,94574,,,,info@vsattui.com,441,-122.496494,38.522455,Grace Family Vineyards,1210 Rockland Drive,,,Saint Helena,CA,94574,,,,,442,-122.454858,38.49148,Prager Winery,1281 Lewelling Lane,,,Saint Helena,CA,94574,,800-969-7678,,ahport@pragerport.com,443,-122.400071,38.507301,Seavey Vineyard,1310 Conn Valley Road,,,Saint Helena,CA,94574,,,,wine@seaveyvineyard.com,444,-122.421448,38.494897,Mario Perelli-Minetti Winery,1443 Silverado Trail,,,Saint Helena,CA,94574,,,,andrew@mpmwines.com,445,-122.421395,38.494897,William Harrison Winery,1443 Silverado Trail S.,,,Saint Helena,CA,94574,,,,info@whwines.com,446,-122.446241,38.518262,Forman Vineyards,1501 Big Rock Road,,,Saint Helena,CA,94574,,,,formanvineyard@aol.com,447,-122.35096,38.48655,Long Vineyards,1535 Sage Canyon Rd,,,Saint Helena,CA,94574,,,,bob@longvineyards.com,448,-122.43778,38.477868,Whitehall Lane Winery,1563 Saint Helena Highway,,,Saint Helena,CA,94574,,,,greatwine@whitehalllane.com,449,-122.410258,38.489321,Quintessa,1601 Silverado Trail South,,,Saint Helena,CA,94574,,,,,450,-122.435589,38.472066,Rutherford Grove Winery,1673 Saint Helena Highway,,,Saint Helena,CA,94574,,,,info@rutherfordgrove.com,451,-122.478579,38.499885,Spottswoode Winery,1902 Madrona Avenue,,,Saint Helena,CA,94574,,,,tours@spottswoode.com,452,-122.470903,38.496037,Lewelling Vineyards,1951 Olive Avenue,,,Saint Helena,CA,94574,,,,lewvyds@napanet.net,453,-122.454879,38.476035,Flora Springs Winery - Estate,1978 Zinfandel Lane ,,,Saint Helena,CA,94574,,,,theestate@florasprings.com,454,-122.418364,38.502152,Joseph Phelps Vineyards,200 Taplin Road,,,Saint Helena,CA,94574,,(800) 707-5789,,lrusyn@jpvwines.com,455,-122.453565,38.492294,Louis M Martini Winery,254 Saint Helena Highway,,,Saint Helena,CA,94574,,707-968-3362,,,456,-122.453485,38.491452,Sutter Home,277 Saint Helena Highway,,,Saint Helena,CA,94574,,800-967-4663,,info@sutterhome.com,457,-122.492347,38.507227,Spring Mountain Vineyard,2805 Spring Mountain Road,,,Saint Helena,CA,94574,,(877)769-4637,,,458,-122.489163,38.518405,Markham Vineyards,2812 Saint Helena Highway,,,Saint Helena,CA,94574,,,,toursandtastings@markhamvineyards.com,459,-122.491432,38.519348,St Clement Vineyards,2867 Saint Helena Highway,,,Saint Helena,CA,94574,,(707) 963-7221,,,460,-122.319626,38.526982,Rustridge Vineyard & Winery,2910 Lower Chiles Valley Road,,,Saint Helena,CA,94574,,,,RustRidge@RustRidge.com,461,-122.29387,38.498918,Nichelini Family Winery,2950 Sage Canyon Road,,,Saint Helena,CA,94574,,,,mail@nicheliniwinery.com,462,-122.504759,38.532277,Robert Pecota Winery,3251 Saint Helena Highway,,,Saint Helena,CA,94574,,,,Bob@robertpecotawinery.com,463,-122.530067,38.535654,Stony Hill Vineyard,3331 Saint Helena Hwy,,,Saint Helena,CA,94574,,,,,464,-122.490676,38.546546,Rombauer Vineyards,3522 Silverado Trail North,,,Saint Helena,CA,94574,,,,info@rombauer.com,465,-122.5332,38.520856,Robert Keenan Winery,3660 Spring Mountain Road,,,Saint Helena,CA,94574,,,,rkw@keenanwinery.com,466,-122.541246,38.509312,Cain Vineyard,3800 Langtry Road,,,Saint Helena,CA,94574,,,,Winery@CainFive.com,467,-122.541932,38.522221,GuillamsVineyards,3851 Spring Mountain Road,,,Saint Helena,CA,94574,,,,guilliam@napanet.net,468,-122.543497,38.519809,Domaine Charbay Winery,4001 Spring Mountain Road,,,Saint Helena,CA,94574,,,,,469,-122.548207,38.523475,Paloma Vineyard,4013 Spring Mountain Road,,,Saint Helena,CA,94574,,,,info@palomavineyard.com,470,-122.544661,38.527544,Schweiger Vineyard,4015 Spring Mountain Road,,,Saint Helena,CA,94574,,,,svwine@schweigervineyards.com,471,-122.548907,38.532369,Smith-Madrone Vineyards & Winery,4022 Spring Mountain Road,,,Saint Helena,CA,94574,,,,,472,-122.551841,38.525078,Ritchie Creek Vineyard,4024 Spring Mountain Road,,,Saint Helena,CA,94574,,,,RCV@napanet.net,473,-122.562833,38.525414,Pride Mountain Vineyards,4026 Spring Mountain Road,,,Saint Helena,CA,94574,,,,,474,-122.45151,38.490468,Heitz Wine Cellars,436 Saint Helena Highway,,,Saint Helena,CA,94574,,,,,475,-122.412187,38.515633,Andersons Conn Valley Vineyards,680 Rossi Road,,,Saint Helena,CA,94574,,,,info@connvalleyvineyards.com,476,-122.384005,38.521028,Buehler Vineyards,820 Greenfield Road,,,Saint Helena,CA,94574,,,,,477,-122.435439,38.483065,Raymond Vineyards,849 Zinfandel Lane,,,Saint Helena,CA,94574,,,,customerservice@raymondvineyards.com,478,-122.400924,38.484434,Villa Mt. Eden,8711 Silverado Trail,,,Saint Helena,CA,94574,,,,info@villamteden.com,479,-122.482281,38.50575,Cafaro Cellars,1591 Dean York Lane,,,Saint Helena,CA,94574,,,,information@cafaro.com,480,-121.484628,36.479888,Pessagno Winery,1645 River Road,,,Salinas,CA,93902,,,,robin.dodd@pessagnowines.com,481,-121.502354,36.497023,Talbott Vineyards,1380 River Road,,,Salinas,CA,93908,,,,winerytr@talbottvineyards.com,482,-121.68239,36.62607,ScheidVineyards,305 Hilltown Road,,,Salinas,CA,93908,,,,,483,-117.047374,33.032716,Bernardo Winery,13330 Paseo Del Verano Norte,,,San Diego,CA,92128,,,,,484,-122.440571,37.800188,Heron Wines,2269 Chestnut Street ,,,San Francisco,CA,94123,,,,info@heronwines.com,485,-121.912966,37.334002,J. Lohr San Jose Wine Center,1000 Lenzen Avenue,,,San Jose,CA,95126,,,,,486,-117.671978,33.527929,Hamilton Oaks - Tasting Room,29943 Camino Capistrano,,,San Juan Capistrano,CA,92675,,,949.347.0868,,487,-120.990286,36.068805,Lockwood Vineyard,59020 Paris Valley Rd,,,San Lucas,CA,93954,,,,,488,-120.612344,35.202581,Sextant Wines,1653 Old Price Canyon Road,,,San Luis Obispo,CA,93401,,,,Concierge@SextantWines.com,489,-120.67027,35.24424,Stephen Ross Wine Cellars,178 Suburban Road,,,San Luis Obispo,CA,93401,,,,,490,-120.607336,35.217054,Edna Valley Vineyard,2585 Biddle Ranch Road,,,San Luis Obispo,CA,93401,,,,,491,-120.599759,35.22693,Baileyana Winery,5828 Orcutt Road,,,San Luis Obispo,CA,93401,,,,tastingroom@nivenfamilywines.com,492,-120.644495,35.258597,Cerro Caliente Cellars,831 Via Esteban,,,San Luis Obispo,CA,93401-7165,,,,,493,-120.604954,35.198457,Claiborne & Churchill,2649 Carpenter Canyon Road,,,San Luis Obispo,CA,93401-8934,,,,clay@claibornechurchill.com,494,-121.643801,37.072402,Clos Lachance Winery,1 Hummingbird Ln,,,San Martin,CA,95046,,,,,495,-120.563434,35.721648,Bon Niche Cellars,2627 Golden Eagle Way,,,San Miguel,CA,93451,,,,joycemurray@bonniche.com,496,-120.62506,35.730044,Silver Horse Winery,2995 Pleasant Road,,,San Miguel,CA,93451,,,,steve@silverhorse.com,497,-120.615871,35.747065,Villa San-Juliette Winery,6385 Cross Canyons Road,,,San Miguel,CA,93451,,,,info@villasanjuliette.com,498,-120.240871,34.847991,Rancho Sisquoc Winery,6600 Foxen Canyon Rd,,,Santa Barbara,CA,93101,805-934-4332,,,sisquoc@ranchosisquoc.com,499,-119.690621,34.415183,Santa Barbara Winery,202 Anacapa Street,,,Santa Barbara,CA,93101,,,,,500,-119.691804,34.414316,Giessinger Winery - Santa Barbara,210 State Street,,,Santa Barbara,CA,93101,,,,info@giessingerwinery.com,501,-119.679186,34.420821,Sanguis Wine,8 Ashley Ave,,,Santa Barbara,CA,93101,,,,mail@sanguiswine.com. ,502,-119.690713,34.41513,Oreana Winery & Marketplace,205 Anacapa Street,,,Santa Barbara,CA,93101-1805,,,,,503,-122.047251,36.958716,Bonny Doon Vineyard,328 Ingalls Street,,,Santa Cruz,CA,95060,,,,,504,-122.047275,36.959344,Santa Cruz Mountain Vineyard - Tasting Room,34 Ingalls Street,,,Santa Cruz,CA,95060,,,,jeff@santacruzmountainvineyard.com,505,-122.031243,36.981988,Storrs Winery,303 Potrero Street #35,,,Santa Cruz,CA,95060,,,,info@storrswine.com,506,-120.612904,35.388984,Ancient Peaks Winery - Tasting Room,"22720 ""B"" El Camino Real",,,Santa Margarita,CA,93453,,,,info@apwinery.com,507,-120.367402,34.90581,Sierra Madre Vineyard,2791 Vineyard Trail Road,,,Santa Maria,CA,93454,,,,doug@sierramadrevineyard.com,508,-120.347441,34.886679,Cottonwood Canyon,3940 Dominion Road,,,Santa Maria,CA,93454,,,,tracy@cottonwoodcanyon.com,509,-120.245361,34.871466,Kenneth Volk Vineyard,5230 Tepusquet Road,,,Santa Maria,CA,93454,,,,info@volkwines.com,510,-120.260121,34.877206,Byron Vineyard & Winery,5475 Chardonnay Lane,,,Santa Maria,CA,93454,,,,info@byronwines.com,511,-120.25991,34.876549,Cambria Winery,5475 Chardonnay Lane,,,Santa Maria,CA,93454,,888-339-9463,,info@cambriawines.com,512,-120.255795,34.852147,Riverbench Vineyard & Winery,6020 Foxen Canyon Road,,,Santa Maria,CA,93454,,,,info@riverbench.com,513,-120.232487,34.824619,Foxen 7200 (the shack),7200 Foxen Canyon Road,,,Santa Maria,CA,93454,,,,info@foxenvineyard.com,514,-120.230995,34.820039,Foxen Winery & Vineyard,7600 Foxen Canyon Road,,,Santa Maria,CA,93454,,,,info@foxenvineyard.com ,515,-120.454134,34.921615,Brucher and Golden Bear Winery,2115 S. Blosser Road # 118,,,Santa Maria,CA,93458,,,,info@brucherwinery.com,516,-122.720001,38.437826,Lost Canyon Winery - Tasting Room,123 Fourth St.,,,Santa Rosa,CA,95401,,,,info@lostcanyonwinery.com,517,-122.816232,38.461578,De Loach Vineyards,1791 Olivet Road,,,Santa Rosa,CA,95401,,,,winestore@deloachvineyards.com,518,-122.816224,38.464762,Sunce Winery,1839 Olivet Road,,,Santa Rosa,CA,95401,,,,info@suncewinery.com,519,-122.816076,38.473154,Hook & Ladder Winery,2134 Olivet Road,,,Santa Rosa,CA,95401,,,,info@hookandladderwinery.com ,520,-122.848713,38.468358,Martin Ray Winery,2191 Laguna Road,,,Santa Rosa,CA,95401,,,,tastingroom@martinraywinery.com,521,-122.816058,38.475462,Harvest Moon Estate & Winery,2192 Olivet Road,,,Santa Rosa,CA,95401,,,,info@harvestmoonwinery.com,522,-122.787344,38.467089,Battaglini Estate Winery,2948 Piner Rd.,,,Santa Rosa,CA,95401,,,,giuseppe@battagliniwines.com ,523,-122.80192,38.477333,Benovia Winery,3339 Hartman Road,,,Santa Rosa,CA,95401,,,,wineryvisits@benoviawinery.com ,524,-122.816597,38.466888,Inman Family Wines,3900 Piner Road,,,Santa Rosa,CA,95401,,707-235-2071,,inquiry@inmanfamilywines.com ,525,-122.80782,38.423369,"Hanna Winery, Santa Rosa",5353 Occidental Road,,,Santa Rosa,CA,95401,,,,info@hannawinery.com,526,-122.813839,38.41994,Balletto Vineyards,5700 Occidental Rd.,,,Santa Rosa,CA,95401,,,,nancy@ballettovineyards.com ,527,-122.744485,38.471382,Salinia Wine Co & The NPA,3350 Coffey Lane,,,Santa Rosa,CA,95403,,,,,528,-122.742525,38.471629,Carol Shelton Wines,3354 Coffey Lane,,,Santa Rosa,CA,95403,,,,wines@carolshelton.com,529,-122.724632,38.493426,Paradise Ridge Winery - Santa Rosa,4545 Thomas Lake Harris Drive,,,Santa Rosa,CA,95403,,,,tastingroom@prwinery.com ,530,-122.629395,38.40189,Matanzas Creek Winery,6097 Bennett Valley Road,,,Santa Rosa,CA,95404,,,,info@matanzascreek.com,531,-122.637334,38.512563,Fisher Vineyards,6200 Saint Helena Road,,,Santa Rosa,CA,95404,,,,info@fishervineyards.com,532,-122.785612,38.399364,D & L Carinalli Vineyards,2900 Llano Road,,,Santa Rosa,CA,95407,,,,info@dlcarinallivineyards.com,533,-122.577392,38.436888,St Francis Winery,100 Pythian Road,,,Santa Rosa,CA,95409,,,(707) 833-1394,info@stfranciswinery.com,534,-122.788809,38.512701,Cartlidge & Browne,205 Concourse Blvd,,,Santa Rosa,CA,95409,,707 836-5000,,wines@vintagewineestates.com,535,-122.614975,38.479486,Adler Fels Winery,980 Airway Ct # B,,,Santa Rose,CA,95403-2000,,,,info@adlerfels.com,536,-120.082946,34.651709,Bridlewood Estate Winery.,3555 Roblar Avenue,,,Santa Ynez,CA,93460,,,(805) 688-2443,info@bridlewoodwinery.com,537,-120.066533,34.610438,Gainey Vineyard,3950 East Highway 246,,,Santa Ynez,CA,93460,,,,info@gaineyvineyard.com,538,-122.038474,37.276635,Kathryn Kennedy Winery,13180 Pierce Road,,,Saratoga,CA,95070,,,,cabernet@KathrynKennedyWinery.com,539,-122.074437,37.267963,Mount Eden Vineyards,22020 Mount Eden Road,,,Saratoga,CA,95070,,,,info@mounteden.com,540,-122.059844,37.274557,Cooper-Garrod Estate,22645 Garrod Rd,,,Saratoga,CA,95070,,,,,541,-122.036162,37.255805,Cinnabar Vineyard,14612 Big Basin Way # A,,,Saratoga,CA,95070-6085,,,,info@cinnabarwinery.com,542,-122.079166,37.247484,Savannah-ChanelleVineyards,23600 Big Basin Way,,,Saratoga,CA,95070-9755,,,,,543,-122.858782,38.424014,Taft Street Winery,2030 Barlow Lane,,,Sebastopol,CA,95472,,,,info@taftstreetwinery.com,544,-122.858353,38.43772,Dutton-Goldfield Winery - Tasting Room,3100 Gravenstein Hwy. N,,,Sebastopol,CA,95472,,,,info@duttongoldfield.com,545,-122.860826,38.442128,Graton Ridge Cellars,3561 Gravenstein Hwy. North,,,Sebastopol,CA,95472,,,,grcwine@sonic.net,546,-122.845307,38.442594,Lynmar Estate,3909 Frei Road,,,Sebastopol,CA,95472,,,,info@lynmarestate.com,547,-122.85852,38.452765,Dehlinger Winery,4101 Vine Hill Road,,,Sebastopol,CA,95472,,,,Carmen@DehlingerWinery.com,548,-122.882356,38.458476,River Road Family Vineyards and Winery,5220 Ross Road,,,Sebastopol,CA,95472,,,,wine@riverroadvineyards.com,549,-122.864756,38.38493,Littorai Wines,788 Gold Ridge Road,,,Sebastopol,CA,95472,,707-823-9589,,info@littorai.com,550,-122.865703,38.445875,Dutton Estate Winery,8757 Green Valley Road,,,Sebastopol,CA,95472,,,,info@sebastopolvineyards.com,551,-122.898586,38.456034,Iron Horse Vineyards,9786 Ross Station Road,,,Sebastopol,CA,95472,,,,info@ironhorsevineyards.com,552,-121.386421,36.407921,Wrath Wines,35801 Foothill Road,,,Soledad,CA,93960,,,,,553,-121.383991,36.377478,Hahn Estates Winery,37700 Foothill Road,,,Soledad,CA,93960,,,,info@hahnfamilywines.com,554,-121.34302,36.378407,Paraiso Springs Vineyards,38060 Paraiso Springs Road,,,Soledad,CA,93960,,,,jmsmith@paraisovineyards.com,555,-121.306883,36.361025,Ventana Vineyards - Soledad Tasting Room,38740 Los Coches Road,,,Soledad,CA,93960,,,,info@ventanawines.com,556,-121.229603,36.466723,Chalone Vineyard,Stonewall Canyon Rd & Hwy 146,,,Soledad,CA,93960,,,,chalone.vineyard.info@chalonevineyard.com,557,-120.114617,34.628686,Rideau Winery,1562 Alamo Pintado Road,,,Solvang,CA,93463,,,,info@rideauvineyard.com,558,-120.117152,34.63417,J Carey Cellars,1711 Alamo Pintado Road,,,Solvang,CA,93463,,,,,559,-120.141034,34.635856,Rusack Vineyards,1819 Ballard Canyon Road,,,Solvang,CA,93463,,,,info@RusackVineyards.com,560,-120.117753,34.647984,Blackjack Ranch Vineyards,2205 Alamo Pintado Road,,,Solvang,CA,93463,,,,Roger@BlackjackRanch.com,561,-120.726166,38.573996,Mount Aukum Winery,6781 Tower Road,,,Somerset,CA,95656,,,,sales@mountaukum.com,562,-120.704963,38.56471,Latcham Vineyards & Granite Springs Winery,2860 Omo Ranch Rd.,,,Somerset,CA,95684,,,,,563,-120.678262,38.646033,Cantiga Wineworks,5980 Meyers Lane,,,Somerset,CA,95684,,,,info@cantigawine.com,564,-120.684718,38.597372,Toogood Estate Winery,7280 Fairplay Road,,,Somerset,CA,95684,,,,,565,-120.663418,38.607251,Perry Creek Vineyards,7400 Perry Creek Road,,,Somerset,CA,95684,,,,info@perrycreek.com,566,-120.66341,38.607259,Windwalker Vineyard,7400 Perry Creek Road,,,Somerset,CA,95684,,,,windwalker.wineclub@gotsky.com,567,-120.670888,38.600053,SinglLeaVineyards,7480 Fairplay Road,,,Somerset,CA,95684,,,,Phone2: 888-663-5323,568,-120.656752,38.600301,Fleur de Lys Winery,7696 Perry Creek Road,,,Somerset,CA,95684,,,,,569,-120.670502,38.594921,Fitzpatrick Winery,7740 Fairplay Road,,,Somerset,CA,95684,,800-245-9166,,brian@fitzpatrickwinery.com ,570,-120.641867,38.606056,Colibri Ridge Winery,6100 Gray Rock Road,,,Somerset,CA,95684-9289,,,,info@colibriridge.com,571,-122.555398,38.426744,Landmark Vineyards,101 Adobe Canyon Road,,,Sonoma,CA,95452,,(707) 833-0218,,brian@landmarkwine.com,572,-122.425182,38.301666,Bartholomew Park,1000 Vineyard Lane,,,Sonoma,CA,95476,,,,info@bartpark.com,573,-122.459117,38.29393,Roche Winery Tasting Room,122 West Spain Street,,,Sonoma,CA,95476,,(800) 825-9475,,info@rochewinery.com,574,-122.424656,38.298138,BuenaVistaWinery,18000 Old Winery Rd,,,Sonoma,CA,95476,,,,info@buenavistawinery.com,575,-122.421598,38.244696,Homewood Winery,23120 Burndale Road,,,Sonoma,CA,95476,,,,homewood@vom.com,576,-122.447584,38.236882,Larson Family Winery,23355 Millerick Road,,,Sonoma,CA,95476,,800-938-9463,,info@larsonfamilywinery.com,577,-122.472142,38.223073,Gloria Ferrer Champagne Caves,23555 Arnold Drive,,,Sonoma,CA,95476,,,,info@gloriaferrer.com,578,-122.45445,38.214674,Cline Cellars,24737 Arnold Drive,,,Sonoma,CA,95476,,,,malberigi@clinecellars.com,579,-122.452109,38.208031,Viansa Winery,25200 Arnold Drive,,,Sonoma,CA,95476,,(800) 995-4740,,Tuscan@viansa.com ,580,-122.458557,38.293888,Roessler Cellars Tasting Room,380 First St West,,,Sonoma,CA,95476,,,,info@roesslercellars.com,581,-122.449354,38.294067,Sebastiani Vineyards,389 4th Street East,,,Sonoma,CA,95476,,,,tastingroom@sebastiani.com,582,-122.449397,38.293503,Sebastiani Vineyards & Winery,389 Fourth Street East,,,Sonoma,CA,95476,,,,tastingroom@sebastiani.com,583,-122.391434,38.255394,Nicholson Ranch Winery,4200 Napa Road,,,Sonoma,CA,95476,,,,reservations@nicholsonranch.com,584,-122.4624,38.235951,Anaba Wines,60 Bonneau Road,,,Sonoma,CA,95476,,877-990-4188,,inquiry@anabawines.com,585,-122.47579,38.23065,Schug Carneros Estate Winery,602 Bonneau Road,,,Sonoma,CA,95476,,800-966-9365,,kate@schugwinery.com,586,-122.441358,38.301167,Ravenswood Winery,18701 Gehricke Road,,,Sonoma,CA,95476,,,,Kristin.wastell@cbrands.com,587,-122.42516,38.274828,Gundlach Bundschu Winery,2000 Denmark Street,,,Sonoma,CA,95476,707.938.5277,,,info@gunbun.com,588,-121.95432,36.994655,Bargetto Winery,3535 N. Main Street,,,Soquel,CA,95073,,,,customerservice@bargetto.com,589,-121.933839,37.029709,Soquel Vineyards,8063 Glen Haven Road,,,Soquel,CA,95073,,,,peterbargetto@sbcglobal.net,590,-122.433963,38.474351,Mt Veeder Winery - Franciscan Estates Tasting Room,1178 Galleron Road,,,St. Helena,CA,94574,,,,,591,-122.433904,38.474359,Franciscan Oakville Estate,1178 Galleron Road ,,,St. Helena,CA,94574,,,,,592,-122.335175,38.482112,Chappellet Vineyards,1581 Sage Canyon Road,,,St. Helena,CA,94574,,,,customerservice@chappellet.com,593,-122.40595,38.487631,Rutherford Ranch Winery,1680 Silverado Trail S.,,,St. Helena,CA,94574,,,,tastingroom@rutherfordwine.com,594,-122.478713,38.510092,Beringer Vineyards,2000 Main Street,,,St. Helena,CA,94574,,,,,595,-122.309434,38.487937,Kuleto Estate Winery,2470 Sage Canyon Road,,,St. Helena,CA,94574,,,,customerservice@foleyfamilywines.com,596,-122.496089,38.501027,Newton Vineyard,2555 Madrona Avenue,,,St. Helena,CA,94574,,,,winery@newtonvineyard.com,597,-122.494882,38.557114,Stoney Springs Winery,264 North Fork Crystal Springs Road,,,St. Helena,CA,94574,,,,,598,-122.482924,38.518338,Charles Krug,2800 Main Street,,,St. Helena,CA,94574,,,,,599,-122.497288,38.524875,Freemark Abbey Winery,3022 St. Helena Highway North,,,St. Helena,CA,94574,,,,wineinfo@freemarkabbey.com,600,-122.504597,38.514848,Chateau Chevalie,3101 Spring Mountain Road,,,St. Helena,CA,94574,,,,,601,-122.490413,38.542946,Casa Nuestra Winery,3451 Silverado Trail North,,,St. Helena,CA,94574,,,,info@casanuestra.com,602,-122.490193,38.544478,Chateau Boswell,3468 Silverado Trail,,,St. Helena,CA,94574,,,,josh@chateauboswellwinery.com,603,-122.537961,38.51616,Terra Valentine,3787 Spring Mountain Road,,,St. Helena,CA,94574,,,,info@terravalentine.com,604,-122.452103,38.488895,Edgewood Estates Winery,401 St. Helena Highway,,,St. Helena,CA,94574,,,,,605,-122.451864,38.490174,HALL - St. Helena,401 St. Helena Highway South,,,St. Helena,CA,94574,,,,celebrate@hallwines.com,606,-122.551833,38.525095,Vineyard 7 & 8,4028 Spring Mountain Road,,,St. Helena,CA,94574,,,,info@vineyard7and8.com,607,-122.39336,38.570381,Catacula Lake Winery,4105 Chiles Pope Valley Rd,,,St. Helena,CA,94574,,,,info@cataculalake.com,608,-122.44967,38.488272,Flora Springs Winery - The Room,677 S. St. Helena Highway,,,St. Helena,CA,94574,,866-967-8032,,theroom@florasprings.com,609,-122.404507,38.486752,Conn Creek Winery,8711 Silverado Trail,,,St. Helena,CA,94574,,,,,610,-122.423701,38.479314,Louis Corthay Winery,"996 Galleron Road	",,,St. Helena,CA,94574,,,,,611,-122.469041,38.512554,Calafia Cellars,629 Fulton Lane,,,St. Helena,CA,94574-1014,,,,marylee53@comcast.net,612,-122.382985,38.521184,Amizetta Estate Winery,1099 Greenfield Road,,,St. Helena,CA,94574-9625,,,,,613,-122.509714,38.54736,Benessere Vineyards,1010 Big Tree Road,,,St. Helena,CA,94574-9711,,,,,614,-122.472721,38.557433,Burgess Cellars,1108 Deer Park Road,,,St. Helena,CA,94574-9728,,800-752-9463,,customerservice@burgesscellars.com,615,-119.599241,34.421524,Summerland Winery Tasting Room,2330 Lillie Avenue,,,Summerland,CA,93067,,,805-695-0300,tastingroom@summerlandwine.com,616,-121.890934,37.601501,Elliston Vineyards,463 Kilkare Road,,,Sunol,CA,94586,,,,nfo@elliston.com,617,-120.76233,38.394024,Sierra Ridge Winery,14110 Ridge Road,,,Sutter Creek,CA,95685,,,,info@sutterridgewine.com,618,-117.089176,33.520248,Thornton Winery,32575 Rancho California Road,,,Temecula,CA,92591,,,,info@thorntonwine.com,619,-117.080392,33.522864,Churon Winery,33233 Rancho California Rd,,,Temecula,CA,92591,,,,,620,-117.076074,33.5251,Miramonte Winery,33410 Rancho California Road,,,Temecula,CA,92591,,,,stefano@miramontewinery.com,621,-117.083445,33.523705,Baily Vineyard & Winery,33440 La Serena Way,,,Temecula,CA,92591,,,,,622,-117.072726,33.526106,Bel Vino,33515 Rancho California Road,,,Temecula,CA,92591,,,,vanessa@belvinowinery.com,623,-117.073909,33.528434,Mt Palomar Winery,33820 Rancho California Road,,,Temecula,CA,92591,,,,info@mountpalomar.com,624,-117.066469,33.528063,Maurice Carrie & Van Roekel Wineries,34225 Rancho California Rd.,,,Temecula,CA,92591,,,,,625,-117.060345,33.530404,Van Roekel Vineyard & Winery,34567 Rancho California Rd,,,Temecula,CA,92591,,,,,626,-117.044075,33.547623,Wilson Creek Winery & Vineyard,35960 Rancho California Road,,,Temecula,CA,92591,,,,info@wilsoncreekwinery.com,627,-117.069663,33.532242,Falkner Winery,40620 Calle Contento,,,Temecula,CA,92591,,,,,628,-117.092661,33.522694,Hart Family Winery,41300 Avenida Biona,,,Temecula,CA,92591,,,,info@hartfamilywinery.com,629,-117.019216,33.509071,Keyways Winery,37338 De Portola Road,,,Temecula,CA,92592,,,,info@keywayswine.com,630,-117.014085,33.531703,Danza del Sol Winery,39050 De Portola Rd,,,Temecula,CA,92592,,,,l.burnham@danzadelsolwinery.com,631,-117.035109,33.542716,Palumbo Family Vineyards and Winery,40150 Barksdale Circle,,,Temecula,CA,92592,,,,info@palumbowines.com,632,-117.064943,33.525315,Bella Vista Winery,41220 Calle Contento,,,Temecula,CA,92592,,,,info@bellavistawinery.com,633,-117.089474,33.5212,Callaway Vineyard,32720 Rancho California Road,,,Temecula,CA,92591-4925,,,,info@callawaywinery.com,634,-120.720094,35.576482,Veris Cellars,1266 N. Bethel Road,,,Templeton,CA,93465,,,,info@veriscellars.com,635,-120.671393,35.53406,Wild Horse Winery,1437 Wild Horse Winery Court,,,Templeton,CA,93465,,,,leslie.churchill@wildhorsewinery.com,636,-120.719351,35.579875,Peachy Canyon Winery - Tasting Room,1480 N. Bethel Road,,,Templeton,CA,93465,,866-335-1918,,tastingroom@peachycanyon.com,637,-120.680638,35.52773,Bella Luna Winery,1850 Templeton Road,,,Templeton,CA,93465,,,,info@bellalunawine.com,638,-120.76004,35.552816,Donati Family Vineyard,2720 Oak View Rd.,,,Templeton,CA,93465,,,,info@donatifamilyvineyard.com,639,-120.750791,35.553501,Turley Wine Cellars,2900 Vineyard Drive,,,Templeton,CA,93465,,,,tasting@turleywinecellars.com,640,-120.758908,35.554531,Aron Hill Vineyards,3745 Highway 46 West ,,,Templeton,CA,93465,,,,judy@aronhillvineyards.com,641,-120.826242,35.545618,Epoch Estate Wines,7505 York Mountain Road,,,Templeton,CA,93465,,,,tastingroom@epochwines.com,642,-120.82974,35.541158,York Mountain Winery (Epoch Estate Wines),7505 York Mountain Road,,,Templeton,CA,93465,,,,tastingroom@epochwines.com,643,-120.720059,35.577239,Castro Cellars,1315 N Bethel Rd,,,Templeton,CA,93465-9403,,,,tastingroom@castorocellars.com,644,-120.720305,35.576297,Cobble Creek Vineyards,1315 North Bethel Road,,,Templeton,CA,93465-9403,,,,,645,-117.589077,33.679987,Hamilton Oaks - Trabuco,31111 Hamilton Trail,,,Trabuco Canyon,CA,92679,,,,,646,-120.1607,39.320365,Truckee River Winery,11467 Brockway Road,,,Truckee,CA,96161,,,,,647,-123.186484,39.04074,Bonterra Vineyards,2231 McNab Ranch Road,,,Ukiah,CA,95482,,,,info@bonterra.com,648,-123.212705,39.199694,Parducci Wine Cellars,501 Parducci Road,,,Ukiah,CA,95482,,800-362-9463,,info@parducci.com,649,-119.294046,34.389744,Old Creek Ranch Winery,10024 Old Creek Road,,,Ventura,CA,93001,,,,winery@oldcreekranch.com,650,-119.294312,34.389791,Vino V Wines,10024 Old Creek Road,,,Ventura,CA,93001,,,,info@vinoVwines.com,651,-121.99326,37.910554,Shadowbrook Winery,3739 Shadowbrook Court,,,Walnut Creek,CA,94598,,,,tjochner@shadowbrookwinery.com,652,-121.791457,36.929375,Roudon-Smith Vineyards - Tasting Room,18 Hangar Way,,,Watsonville,CA,95076,,,,sales@roudonsmith.com,653,-121.641408,36.899031,River Run Vintners,65 Rogge Lane,,,Watsonville,CA,95076,,,,riverrun@cruzio.com,654,-118.839912,34.166805,Giessinger Winery Tasting Room - Westlake Village,3059 Willow Lane,,,Westlake Village,CA,91361,,,,info@giessingerwinery.com,655,-121.337562,39.046553,Cante Ao Vinho Winery,3065 Wintun Way,,,Wheatland,CA,95692,,,,Tom@CanteAoVinho.com,656,-122.807702,38.487911,Martinelli Winery,3360 River Road  Windsor,,,Windsor,CA,95492,,(800) 346-1627,,vinoinfo@martinelliwinery.com,657,-122.806681,38.484274,Lauterbach Cellars,3420 Woolsey Road,,,Windsor,CA,95492,,866-352-7089,707-578-0537,info@lauterbachcellars.com,658,-122.811913,38.499868,La Crema Winery,3690 Laughlin Road,,,Windsor,CA,95492,,,,info@lacrema.com,659,-122.827127,38.49619,Sonoma-Cutrer,4401 Slusser Road,,,Windsor,CA,95492,,877-797-3489,,,660,-122.840066,38.520038,Robert Mueller Cellars,6301 Starr Road,,,Windsor,CA,95492,,,,,661,-122.220678,37.342106,Thomas Fogarty Winery,19501 Skyline Boulevard,,,Woodside,CA,94062,,,,info@fogartywinery.com,662,-122.365487,38.396013,Domaine Chandon Winery,1 California Drive,,,Yountville,CA,94599,,,,,663,-122.353266,38.42708,Goosecross Cellars,1119 State Lane,,,Yountville,CA,94599,,,,hospitality@goosecross.com,664,-122.344678,38.424426,Cliff Lede Vineyards,1473 Yountville Cross Road,,,Yountville,CA,94599,,800-428-2259,,info@cliffledevineyards.com,665,-122.354077,38.3831,Bernard Pradel Cellars,2100 Hoffman Ln,,,Yountville,CA,94599,,,,,666,-122.349898,38.387276,Bell Wine Cellars,6200 Saint Helena Highway,,,Yountville,CA,94599,,,,info@bellwine.com,667,-122.367115,38.406426,Girard Winery Tasting Room,6795 Washington Street,,,Yountville,CA,94599,,,,wines@vintagewineestates.com,668,-122.388495,38.419412,Cosentino Winery,7415 Saint Helena Highway,,,Yountville,CA,94599,,800-764-1220,,finewines@cosentinowinery.com,669,-122.362437,38.402792,Hope & grace ,6540 Washington Street,,,Yountville,CA,,,,,info@hopeandgracewines.com ,670,-122.274249,37.794538,Cerruti Cellars,"100 Webster Street, Suite 101",,,,CA,,(510) 550-2900,,,Events@Cerruticellars.com,671,-122.727081,38.448871,DêArgenzio Winery,"1301 Cleveland Avenue, Suite a",,,,CA,,(707) 546-2466,,,ray@dargenziowine.com,672,-120.439092,34.642516,Flying Goat Cellars - Tasting Room,"1520 East Chestnut Court, Unit A",,,,CA,,,(805) 736-9032,,info@flyinggoatcellars.com,673,-120.437107,34.642165,Longoria Wines - Lompoc Tasting Room,"1700 Industrial Way, Unit A",,,,CA,,866-759-4637,,,info@longoriawine.com,674,-122.880921,38.68752,TrioneVineyards,19550 Geyserville Ave ,,,,CA,,877-518-2783,,,nfo@trionewinery.com,675,-122.871622,38.610063,La Crema Tasting Room,20 Matheson St,,,,CA,,707-431-9400,,,info@lacrema.com,676,-120.655609,35.642435,Barrel 27 Wine Company - Tasting Room,2323 Tuley Road #110,,,,CA,,(805) 237-1245,,,info@barrel27.com,677,-120.73892,35.570472,Niner Wine Estates,2400 Highway 46 West,,,,CA,,(805) 239-2233,,,info@ninerwine.com,678,-120.437928,34.642326,Jalama Wines,"308 N 9th Street, Unit C",,,,CA,,805-735-8937,,,info@jalamawines.com,679,-120.756188,35.569647,Berardo Vineyards & Winery,3280 Township Road,,,,CA,,(805) 239-9432,,,info@ajbvineyards.com,680,-122.536247,38.520705,Philip Togni Vineyard,3780 Spring Mountain Road  ,,,,CA,,(707) 963-3731,,,,681,-121.715284,38.550372,Fiddlehead Cellars,606 Pe_a Drive #500,,,,CA,,(530) 756-4550,(800) 251-1225,,info@fiddleheadcellars.com,682,-122.535313,38.073193,Kalin Cellars,"61 Galli Drive, Suite F",,,,CA,,(415) 883-3543,,,tjl@ix.netcom.com,683,-122.819979,38.402449,Claypool Cellars - Gravenstein Station Tasting Room,"6761 Sebastopol Ave, Suite 500",,,,CA,,707-861-9358,,,info@claypoolcellars.com ,684,-122.272977,38.249336,Patz & Hall - Tasting Salon,"851 Napa Valley Corporate Way, Suite A",,,,CA,,(707) 265-7700,877-265-6700,,info@patzhall.com,